"marca";"nome";"preco_antigo_reais";"preco_antigo_centavos";"preco_novo_reais";"preco_novo_centavos";"nota";"qtde_avaliacoes";"_fonte";"_data_coleta";"preco_antigo";"preco_novo"
"REEBOK";"Reebok Zig Dynamica 4 Masculino Adultos";0.0;0.0;1.099;0.0;0.0;0;"https://lista.mercadolivre.com.br/tenis-corrida-masculino";"2024-06-10 23:19:47";0.0;1099.0
"OLYMPIKUS";"Tênis Running Masculino Olympikus Original Dynamic";345.0;75.0;328.0;75.0;0.0;0;"https://lista.mercadolivre.com.br/tenis-corrida-masculino";"2024-06-10 23:19:47";345.75;328.75
"OLYMPIKUS";"Tênis Running Masculino Original Olympikus Pride 3";493.0;99.0;469.0;99.0;0.0;0;"https://lista.mercadolivre.com.br/tenis-corrida-masculino";"2024-06-10 23:19:47";493.99;469.99
"OLYMPIKUS";"Olympikus Zex Masculino Adultos";229.0;99.0;163.0;99.0;4.7;145;"https://lista.mercadolivre.com.br/tenis-corrida-masculino";"2024-06-10 23:19:47";229.99;163.99
"OLYMPIKUS";"Tênis Running Masculino Original Olympikus Asfalto";345.0;75.0;328.0;75.0;0.0;0;"https://lista.mercadolivre.com.br/tenis-corrida-masculino";"2024-06-10 23:19:47";345.75;328.75
"OLYMPIKUS";"Olympikus Caminhada Urano 2 Sem gênero Adultos";229.0;99.0;152.0;99.0;4.8;1192;"https://lista.mercadolivre.com.br/tenis-corrida-masculino";"2024-06-10 23:19:47";229.99;152.99
"TRYD";"Tênis Para Treino Academia Caminhada Corrida Tryd 5400 Leve";99.0;99.0;71.0;99.0;4.5;9836;"https://lista.mercadolivre.com.br/tenis-corrida-masculino";"2024-06-10 23:19:47";99.99;71.99
"OLYMPIKUS";"Olympikus 24/7 Lap Masculino Adultos";218.0;74.0;134.0;74.0;4.8;7863;"https://lista.mercadolivre.com.br/tenis-corrida-masculino";"2024-06-10 23:19:47";218.74;134.74
"NIKE";"Tênis Nike Renew Ride 3 Masculino";0.0;0.0;309.0;0.0;4.7;73;"https://lista.mercadolivre.com.br/tenis-corrida-masculino";"2024-06-10 23:19:47";0.0;309.0
"";"Tenis Masculino Academia Corrida Wave Force Promoção Barato";75.0;99.0;72.0;99.0;4.2;369;"https://lista.mercadolivre.com.br/tenis-corrida-masculino";"2024-06-10 23:19:47";75.99;72.99
"";"Tenis Olimp Esportivo Masculino Feminino Leve E Macio";0.0;0.0;78.0;0.0;4.1;5929;"https://lista.mercadolivre.com.br/tenis-corrida-masculino";"2024-06-10 23:19:47";0.0;78.0
"";"Kit 3 Tênis Masculino Prospect Fly Oferta Promoção + Relógio";219.0;90.0;138.0;90.0;4.4;34;"https://lista.mercadolivre.com.br/tenis-corrida-masculino";"2024-06-10 23:19:47";219.9;138.9
"MIZUNO";"Tênis Mizuno Corrida Wave Dynasty 101080080 Preto/azul";0.0;0.0;499.0;0.0;0.0;0;"https://lista.mercadolivre.com.br/tenis-corrida-masculino";"2024-06-10 23:19:47";0.0;499.0
"OLYMPIKUS";"Olympikus Express Masculino Adultos";274.0;99.0;195.0;99.0;4.6;282;"https://lista.mercadolivre.com.br/tenis-corrida-masculino";"2024-06-10 23:19:47";274.99;195.99
"OLYMPIKUS";"Olympikus Corre 3 Sem gênero Adultos";0.0;0.0;499.0;0.0;4.8;47;"https://lista.mercadolivre.com.br/tenis-corrida-masculino";"2024-06-10 23:19:47";0.0;499.0
"NIKE";"Nike Revolution 6 Next Nature Masculino Adultos";0.0;0.0;259.0;0.0;4.7;1779;"https://lista.mercadolivre.com.br/tenis-corrida-masculino";"2024-06-10 23:19:47";0.0;259.0
"OLYMPIKUS";"Tênis Running Masculino Original Olympikus Pride 3";0.0;0.0;493.0;0.0;0.0;0;"https://lista.mercadolivre.com.br/tenis-corrida-masculino";"2024-06-10 23:19:47";0.0;493.0
"OLYMPIKUS";"Olympikus Treino Proof 3 Masculino Adultos";199.0;99.0;157.0;99.0;4.8;1620;"https://lista.mercadolivre.com.br/tenis-corrida-masculino";"2024-06-10 23:19:47";199.99;157.99
"";"Tênis Bolsonaro Masculino Feminino Patriota Style Super Leve";0.0;0.0;199.0;0.0;4.6;145;"https://lista.mercadolivre.com.br/tenis-corrida-masculino";"2024-06-10 23:19:47";0.0;199.0
"OLYMPIKUS";"Tênis Masculino Olympikus Original Academia Caminhada Rápido";349.0;90.0;118.0;90.0;3.6;17;"https://lista.mercadolivre.com.br/tenis-corrida-masculino";"2024-06-10 23:19:47";349.9;118.9
"MIZUNO";"Tenis Esportivo Exclusivo Atividade Fisica Leve Confortavel";0.0;0.0;149.0;0.0;4.6;343;"https://lista.mercadolivre.com.br/tenis-corrida-masculino";"2024-06-10 23:19:47";0.0;149.0
"REEBOK";"Tenis Reebok Zig Kinetica 2.5 Adventure Masculino 100074670";0.0;0.0;1.099;0.0;0.0;0;"https://lista.mercadolivre.com.br/tenis-corrida-masculino";"2024-06-10 23:19:47";0.0;1099.0
"";"Tênis Bolsonaro Masculino Feminino Patriota Style Super Leve";0.0;0.0;199.0;0.0;4.6;145;"https://lista.mercadolivre.com.br/tenis-corrida-masculino";"2024-06-10 23:19:47";0.0;199.0
"DIX";"Tênis Para Academia Masculino Malhar Corrida Promoção";66.0;90.0;63.0;90.0;4.5;1793;"https://lista.mercadolivre.com.br/tenis-corrida-masculino";"2024-06-10 23:19:47";66.9;63.9
"";"Tênis Masculino Olymp Olimp Space Caminhada Barato Promoção";78.0;90.0;71.0;90.0;4.2;2253;"https://lista.mercadolivre.com.br/tenis-corrida-masculino";"2024-06-10 23:19:47";78.9;71.9
"UNDER ARMOUR";"Under Armour Pacer Masculino Adultos";449.0;99.0;229.0;99.0;4.6;677;"https://lista.mercadolivre.com.br/tenis-corrida-masculino";"2024-06-10 23:19:47";449.99;229.99
"OLYMPIKUS";"Tênis Masculino Running Dynamic Original Olympikus";345.0;75.0;328.0;75.0;0.0;0;"https://lista.mercadolivre.com.br/tenis-corrida-masculino";"2024-06-10 23:19:47";345.75;328.75
"OLYMPIKUS";"Tênis Masculino Taurus Olympikus *oferta*";279.0;99.0;150.0;99.0;4.9;289;"https://lista.mercadolivre.com.br/tenis-corrida-masculino";"2024-06-10 23:19:47";279.99;150.99
"DM DAMANDO";"Tenis Masculino Confortavel/academia/crossfit + Relógio";77.0;90.0;74.0;90.0;4.5;4857;"https://lista.mercadolivre.com.br/tenis-corrida-masculino";"2024-06-10 23:19:47";77.9;74.9
"";"Tenis Masculino Olimp Kit 02 Pares Academia Promoção Oferta";0.0;0.0;144.0;0.0;4.4;3114;"https://lista.mercadolivre.com.br/tenis-corrida-masculino";"2024-06-10 23:19:47";0.0;144.0
"";"Kit Combo 2 Tenis Masculino Academia Caminhada Corrida Top";169.0;90.0;152.0;90.0;4.6;1713;"https://lista.mercadolivre.com.br/tenis-corrida-masculino";"2024-06-10 23:19:47";169.9;152.9
"FILA";"Tênis Fila Kenya Racer Kr6 Alta Performance Masculino";599.0;99.0;365.0;99.0;5.0;3;"https://lista.mercadolivre.com.br/tenis-corrida-masculino";"2024-06-10 23:19:47";599.99;365.99
"";"Tenis Esporte Academia Corrida Caminhada Confortável Leve";0.0;0.0;69.0;0.0;4.5;427;"https://lista.mercadolivre.com.br/tenis-corrida-masculino";"2024-06-10 23:19:47";0.0;69.0
"ADIDAS";"Tênis Grand Court Base 2.0 Feminino E Masculino adidas ";349.0;99.0;243.0;99.0;4.8;396;"https://lista.mercadolivre.com.br/tenis-corrida-masculino";"2024-06-10 23:19:47";349.99;243.99
"";"Tênis Esportivo It Shoes Amortecedor Gel Masculino";0.0;0.0;78.0;0.0;4.6;586;"https://lista.mercadolivre.com.br/tenis-corrida-masculino";"2024-06-10 23:19:47";0.0;78.0
"";"Tênis Masculino Academia Caminhada Corrida Training Bylbow";78.0;90.0;67.0;90.0;4.6;3121;"https://lista.mercadolivre.com.br/tenis-corrida-masculino";"2024-06-10 23:19:47";78.9;67.9
"RAINHA";"Tênis Rainha Vl 2500 Futsal Vôlei Academia Capoeira Corrida";0.0;0.0;78.0;0.0;4.6;809;"https://lista.mercadolivre.com.br/tenis-corrida-masculino";"2024-06-10 23:19:47";0.0;78.0
"";"Tenis Sapatilha Bike Pesca Corrida Academia Neoprene Confort";0.0;0.0;53.0;0.0;4.6;458;"https://lista.mercadolivre.com.br/tenis-corrida-masculino";"2024-06-10 23:19:47";0.0;53.0
"FILA";"Fila KR6 Masculino Adultos";599.0;90.0;357.0;90.0;4.7;195;"https://lista.mercadolivre.com.br/tenis-corrida-masculino";"2024-06-10 23:19:47";599.9;357.9
"OLYMPIKUS";"Olympikus Corre 3 Masculino Adultos";0.0;0.0;499.0;0.0;4.5;129;"https://lista.mercadolivre.com.br/tenis-corrida-masculino";"2024-06-10 23:19:47";0.0;499.0
"ADAPTION";"Adaption Limited Masculino Adultos";0.0;0.0;72.0;0.0;4.4;472;"https://lista.mercadolivre.com.br/tenis-corrida-masculino";"2024-06-10 23:19:47";0.0;72.0
"OLYMPIKUS";"Olympikus Only 2 Masculino Adultos";199.0;99.0;136.0;99.0;4.7;2042;"https://lista.mercadolivre.com.br/tenis-corrida-masculino";"2024-06-10 23:19:47";199.99;136.99
"";"Tênis Masculino Corrida Caminhada Academia Macio Barato Top";51.0;90.0;43.0;90.0;4.4;3519;"https://lista.mercadolivre.com.br/tenis-corrida-masculino";"2024-06-10 23:19:47";51.9;43.9
"OLYMPIKUS";"Tênis Olympikus Corre Grafeno 2 Masculino";0.0;0.0;666.0;0.0;0.0;0;"https://lista.mercadolivre.com.br/tenis-corrida-masculino";"2024-06-10 23:19:47";0.0;666.0
"OLYMPIKUS";"Olympikus Treino Dynamic Masculino Adultos";279.0;99.0;216.0;99.0;4.8;5844;"https://lista.mercadolivre.com.br/tenis-corrida-masculino";"2024-06-10 23:19:47";279.99;216.99
"OLYMPIKUS";"Olympikus Corre 3 3 Sem gênero Adultos";0.0;0.0;499.0;0.0;4.9;282;"https://lista.mercadolivre.com.br/tenis-corrida-masculino";"2024-06-10 23:19:47";0.0;499.0
"BF SHOES";"Tênis Branco Lançamento Original Confortável";98.0;62.0;78.0;62.0;4.6;7245;"https://lista.mercadolivre.com.br/tenis-corrida-masculino";"2024-06-10 23:19:47";98.62;78.62
"";"Tenis Feminino Casual Nyc Shoes Masculino Moda Adulto";109.0;90.0;75.0;90.0;4.5;4085;"https://lista.mercadolivre.com.br/tenis-corrida-masculino";"2024-06-10 23:19:47";109.9;75.9
"OLYMPIKUS";"Tênis Masculino Esportivo Olympikus Soma Original";219.0;90.0;173.0;90.0;0.0;0;"https://lista.mercadolivre.com.br/tenis-corrida-masculino";"2024-06-10 23:19:47";219.9;173.9
"OLYMPIKUS";"Tênis Olympikus Challenger 5 Branco E Cinza - Masculino";299.0;99.0;263.0;99.0;5.0;2;"https://lista.mercadolivre.com.br/tenis-corrida-masculino";"2024-06-10 23:19:47";299.99;263.99
"";"Tênis Bolsonaro : Liberdade Style Super Confortável ";0.0;0.0;169.0;0.0;4.8;115;"https://lista.mercadolivre.com.br/tenis-corrida-masculino";"2024-06-10 23:19:47";0.0;169.0
"OLYMPIKUS";"Olympikus Diffuse 5 Masculino Adultos";309.0;99.0;232.0;99.0;4.8;337;"https://lista.mercadolivre.com.br/tenis-corrida-masculino";"2024-06-10 23:19:47";309.99;232.99
"OLYMPIKUS";"Tênis Running Masculino Olympikus Original Pride 3";493.0;99.0;390.0;99.0;0.0;0;"https://lista.mercadolivre.com.br/tenis-corrida-masculino";"2024-06-10 23:19:47";493.99;390.99
"FILA";"Fila Racer T2 Masculino Adultos";599.0;90.0;365.0;90.0;4.9;97;"https://lista.mercadolivre.com.br/tenis-corrida-masculino";"2024-06-10 23:19:47";599.9;365.9
"";"Tênis Bolsonaro Masculino Feminino Patriota Style Super Leve";0.0;0.0;199.0;0.0;4.6;145;"https://lista.mercadolivre.com.br/tenis-corrida-masculino";"2024-06-10 23:19:47";0.0;199.0
"";"Tenis Masculino Academia Corrida Wave Force Promoção Barato";75.0;99.0;72.0;99.0;4.2;369;"https://lista.mercadolivre.com.br/tenis-corrida-masculino";"2024-06-10 23:19:47";75.99;72.99
"";"Tenis Olimp Esportivo Masculino Feminino Leve E Macio";0.0;0.0;78.0;0.0;4.1;5929;"https://lista.mercadolivre.com.br/tenis-corrida-masculino";"2024-06-10 23:19:47";0.0;78.0
"UNDER ARMOUR";"Tênis Masculino E Feminino Tribase Reps Under Armour Novo";449.0;99.0;368.0;99.0;4.6;17;"https://lista.mercadolivre.com.br/tenis-corrida-masculino";"2024-06-10 23:19:47";449.99;368.99
"";"Tenis Olimp Esportivo Masculino Feminino Leve E Macio";0.0;0.0;78.0;0.0;4.1;5929;"https://lista.mercadolivre.com.br/tenis-corrida-masculino";"2024-06-10 23:19:47";0.0;78.0
"OLYMPIKUS";"Tênis Olimpikus Olympikus Flash Confortavel Envio Imediato ";0.0;0.0;95.0;0.0;4.3;238;"https://lista.mercadolivre.com.br/tenis-corrida-masculino";"2024-06-10 23:19:47";0.0;95.0
"SKECHERS";"Tênis Skechers Go Walk Max Modula Masculino Casual";0.0;0.0;199.0;0.0;4.9;17;"https://lista.mercadolivre.com.br/tenis-corrida-masculino";"2024-06-10 23:19:47";0.0;199.0
"OLYMPIKUS";"Tênis Olympikus Index 3 Masculino Original";189.0;0.0;179.0;0.0;4.8;107;"https://lista.mercadolivre.com.br/tenis-corrida-masculino";"2024-06-10 23:19:47";189.0;179.0
"OLYMPIKUS";"Olympikus Casual Index 3 Masculino Adultos 43611218_1-004";189.0;99.0;149.0;99.0;4.8;1138;"https://lista.mercadolivre.com.br/tenis-corrida-masculino";"2024-06-10 23:19:47";189.99;149.99
"";"Kit 3 Tênis Masculino Prospect Fly Oferta Promoção + Relógio";219.0;90.0;138.0;90.0;4.4;34;"https://lista.mercadolivre.com.br/tenis-corrida-masculino";"2024-06-10 23:19:47";219.9;138.9
"OLYMPIKUS";"Tênis Masculino Olympikus Original Academia Caminhada Rápido";349.0;90.0;118.0;90.0;3.6;17;"https://lista.mercadolivre.com.br/tenis-corrida-masculino";"2024-06-10 23:19:47";349.9;118.9
"MIZUNO";"Tenis Esportivo Exclusivo Atividade Fisica Leve Confortavel";0.0;0.0;149.0;0.0;4.6;343;"https://lista.mercadolivre.com.br/tenis-corrida-masculino";"2024-06-10 23:19:47";0.0;149.0
"MIZUNO";"Tênis Running Masculino Mizuno Prophecy 13 Branco";2.223;41.0;1.756;41.0;0.0;0;"https://lista.mercadolivre.com.br/tenis-corrida-masculino";"2024-06-10 23:19:47";2633.0;2166.0
"EVOLTENN";"Kit 3 Pares Tênis Esportivo Masculino Evoltenn Style Corrida";188.0;90.0;179.0;90.0;4.4;1577;"https://lista.mercadolivre.com.br/tenis-corrida-masculino";"2024-06-10 23:19:47";188.9;179.9
"OLYMPIKUS";"Olympikus Casual Jogging 100 Sem gênero Adultos OBTN068_1-012";0.0;0.0;173.0;0.0;4.7;2951;"https://lista.mercadolivre.com.br/tenis-corrida-masculino";"2024-06-10 23:19:47";0.0;173.0
"DM DAMANDO";"Kit Tenis Confortavel Masculino P/academia Corrida + Relógio";78.0;90.0;74.0;90.0;4.6;216;"https://lista.mercadolivre.com.br/tenis-corrida-masculino";"2024-06-10 23:19:47";78.9;74.9
"OLYMPIKUS";"Tênis Running Masculino Treino Olympikus Diffuse 5";370.0;46.0;326.0;46.0;0.0;0;"https://lista.mercadolivre.com.br/tenis-corrida-masculino";"2024-06-10 23:19:47";370.46;326.46
"";"Tênis Esportivo On Shoes Masculino/feminino ";77.0;80.0;61.0;80.0;4.7;4753;"https://lista.mercadolivre.com.br/tenis-corrida-masculino";"2024-06-10 23:19:47";77.8;61.8
"UNDER ARMOUR";"Under Armour Dagger Masculino Adultos";399.0;99.0;322.0;99.0;4.6;51;"https://lista.mercadolivre.com.br/tenis-corrida-masculino";"2024-06-10 23:19:47";399.99;322.99
"TAYGRA";"Taygra Original Para Dança Confortável  Preto - Envio 24hs ";179.0;90.0;170.0;90.0;4.8;120;"https://lista.mercadolivre.com.br/tenis-corrida-masculino";"2024-06-10 23:19:47";179.9;170.9
"NEW BALANCE";"Tênis New Balance Fresh Foam Arishi V4 Masculino";499.0;90.0;389.0;90.0;0.0;0;"https://lista.mercadolivre.com.br/tenis-corrida-masculino";"2024-06-10 23:19:47";499.9;389.9
"PUMA";"Puma Viz-Tech Viz Runner V2 BDP Masculino Adultos";0.0;0.0;333.0;0.0;4.7;96;"https://lista.mercadolivre.com.br/tenis-corrida-masculino";"2024-06-10 23:19:47";0.0;333.0
"NB";"Tênis Masculino New Balance 997s Sport Anatómico Macio ";209.0;99.0;195.0;99.0;4.6;11;"https://lista.mercadolivre.com.br/tenis-corrida-masculino";"2024-06-10 23:19:47";209.99;195.99
"OLYMPIKUS";"Olympikus Corre Grafeno 2 Masculino Adultos";799.0;90.0;559.0;90.0;4.7;20;"https://lista.mercadolivre.com.br/tenis-corrida-masculino";"2024-06-10 23:19:47";799.9;559.9
"";"Sapatilha Aquatica Neoprene Secarapido Sola Forte Confort";0.0;0.0;52.0;0.0;4.6;753;"https://lista.mercadolivre.com.br/tenis-corrida-masculino";"2024-06-10 23:19:47";0.0;52.0
"LYND";"Tênis Masculino Corrida Academia Caminhada Lynd- Grid 321";199.0;90.0;169.0;90.0;4.6;377;"https://lista.mercadolivre.com.br/tenis-corrida-masculino";"2024-06-10 23:19:47";199.9;169.9
"FILA";"Fila Recovery Masculino Adultos";306.0;0.0;208.0;0.0;4.7;1983;"https://lista.mercadolivre.com.br/tenis-corrida-masculino";"2024-06-10 23:19:47";306.0;208.0
"WM";"Tenis Masculino Feminino Olimp Exclusivo Pronta Entrega";199.0;99.0;97.0;99.0;4.4;53;"https://lista.mercadolivre.com.br/tenis-corrida-masculino";"2024-06-10 23:19:47";199.99;97.99
"";"Kit Tênis Esportivo It Shoes Masculino + Relógio Digital";119.0;90.0;113.0;90.0;4.4;331;"https://lista.mercadolivre.com.br/tenis-corrida-masculino";"2024-06-10 23:19:47";119.9;113.9
"OLYMPIKUS";"Olympikus Voa 2 Masculino Adultos";299.0;99.0;207.0;99.0;4.8;365;"https://lista.mercadolivre.com.br/tenis-corrida-masculino";"2024-06-10 23:19:47";299.99;207.99
"MIZUNO";"Tênis Mizuno Masculino Wave Mirai 5 Esportivo Corrida";529.0;90.0;369.0;90.0;5.0;4;"https://lista.mercadolivre.com.br/tenis-corrida-masculino";"2024-06-10 23:19:47";529.9;369.9
"BLACK FREE";"Kit 2 Pares Tênis Black Free Evolution Masculino Promoção";0.0;0.0;219.0;0.0;4.5;649;"https://lista.mercadolivre.com.br/tenis-corrida-masculino";"2024-06-10 23:19:47";0.0;219.0
"";"Tênis Masculino Academia Rixxon Leve Promoção Barato ";87.0;90.0;80.0;90.0;4.4;474;"https://lista.mercadolivre.com.br/tenis-corrida-masculino";"2024-06-10 23:19:47";87.9;80.9
"DIX";" Tênis Maculino Academia Promoção R-4200 - Kit 2 Pares";139.0;90.0;132.0;90.0;4.2;577;"https://lista.mercadolivre.com.br/tenis-corrida-masculino";"2024-06-10 23:19:47";139.9;132.9
"EVOLTENN";"Kit 3 Combo Tenis Masculino Corrida Original Academia Leve";198.0;78.0;178.0;78.0;4.5;1011;"https://lista.mercadolivre.com.br/tenis-corrida-masculino";"2024-06-10 23:19:47";198.78;178.78
"FILA";"Tênis Fila Ride Unissex Original ";329.0;99.0;234.0;99.0;5.0;1;"https://lista.mercadolivre.com.br/tenis-corrida-masculino";"2024-06-10 23:19:47";329.99;234.99
"MIZUNO";"Mizuno Wave Nirvana 9 Masculino Adultos";0.0;0.0;147.0;0.0;5.0;1;"https://lista.mercadolivre.com.br/tenis-corrida-masculino";"2024-06-10 23:19:47";0.0;147.0
"MIZUNO";"Tênis Mizuno Masculino Wave Legend 2 Esportivo Corrida";639.0;90.0;426.0;90.0;0.0;0;"https://lista.mercadolivre.com.br/tenis-corrida-masculino";"2024-06-10 23:19:47";639.9;426.9
"";"Tenis Masculino Academia Corrida Wave Force Promoção Barato";75.0;99.0;72.0;99.0;4.2;369;"https://lista.mercadolivre.com.br/tenis-corrida-masculino";"2024-06-10 23:19:47";75.99;72.99
"MIZUNO";"Tênis Mizuno Wave Zest Masculino";499.0;90.0;394.0;90.0;5.0;5;"https://lista.mercadolivre.com.br/tenis-corrida-masculino";"2024-06-10 23:19:47";499.9;394.9
"ADIDAS";"Tênis De Corrida Masculino Duramo Esportivo Performance Leve";499.0;99.0;439.0;99.0;5.0;8;"https://lista.mercadolivre.com.br/tenis-corrida-masculino";"2024-06-10 23:19:47";499.99;439.99
"";"Kit Tênis De Corrida Masculino Academia Leve + Relógio";0.0;0.0;99.0;0.0;4.4;262;"https://lista.mercadolivre.com.br/tenis-corrida-masculino";"2024-06-10 23:19:47";0.0;99.0
"OLYMPIKUS";"Tênis Running Masculino Olympikus Evasense Dynamic";345.0;75.0;304.0;75.0;0.0;0;"https://lista.mercadolivre.com.br/tenis-corrida-masculino";"2024-06-10 23:19:47";345.75;304.75
"NEW BALANCE";"Tênis New Balance 997s Sport Masculino Adulto - Couro";0.0;0.0;196.0;0.0;0.0;0;"https://lista.mercadolivre.com.br/tenis-corrida-masculino";"2024-06-10 23:19:47";0.0;196.0
"OLYMPIKUS";"Tênis Running Masculino Olympikus Evasense Dynamic";345.0;75.0;273.0;75.0;0.0;0;"https://lista.mercadolivre.com.br/tenis-corrida-masculino";"2024-06-10 23:19:47";345.75;273.75
"";"Tênis Masculino Olymp Olimp Space Caminhada Barato Promoção ";78.0;99.0;67.0;99.0;4.3;2320;"https://lista.mercadolivre.com.br/tenis-corrida-masculino";"2024-06-10 23:19:47";78.99;67.99
"";"Kit 3 Tênis Masculino Prospect Fly Oferta Promoção + Relógio";219.0;90.0;138.0;90.0;4.4;34;"https://lista.mercadolivre.com.br/tenis-corrida-masculino";"2024-06-10 23:19:47";219.9;138.9
"";"Tênis Masculino Esportivo Caminhada Academia Corrida - It";89.0;90.0;78.0;90.0;4.5;382;"https://lista.mercadolivre.com.br/tenis-corrida-masculino";"2024-06-10 23:19:47";89.9;78.9
"OLDSEN";"Tenis Masculino Unissex Botinha Corrida Academia Promoção";78.0;90.0;74.0;90.0;4.5;917;"https://lista.mercadolivre.com.br/tenis-corrida-masculino";"2024-06-10 23:19:47";78.9;74.9
"PUMA";"Tênis Puma Masculino Cell Divide V2 Bdp Para Corrida";589.0;90.0;448.0;90.0;5.0;2;"https://lista.mercadolivre.com.br/tenis-corrida-masculino";"2024-06-10 23:19:47";589.9;448.9
"ADAPTION";"Kit 2 Pares De Tenis Masculino Academia Limited + Relogio";139.0;90.0;118.0;90.0;4.4;4076;"https://lista.mercadolivre.com.br/tenis-corrida-masculino";"2024-06-10 23:19:47";139.9;118.9
"PUMA";"Tênis Puma Haste Sl Bdp Masculino";569.0;90.0;429.0;90.0;0.0;0;"https://lista.mercadolivre.com.br/tenis-corrida-masculino";"2024-06-10 23:19:47";569.9;429.9
"OLYMPIKUS";"Olympikus Jogging 100 Masculino Adultos";209.0;90.0;165.0;90.0;4.5;83;"https://lista.mercadolivre.com.br/tenis-corrida-masculino";"2024-06-10 23:19:47";209.9;165.9
"UNDER ARMOUR";"Under Armour Charged Slight 2 Masculino Adultos";449.0;99.0;291.0;99.0;4.8;416;"https://lista.mercadolivre.com.br/tenis-corrida-masculino";"2024-06-10 23:19:47";449.99;291.99
"";"Tênis Masculino Esportivo Caminhada Academia Corrida - It";89.0;90.0;78.0;90.0;4.5;382;"https://lista.mercadolivre.com.br/tenis-corrida-masculino";"2024-06-10 23:19:47";89.9;78.9
"MIZUNO";"Tênis Mizuno Masculino Wave Mirai 5 Esportivo Corrida";529.0;90.0;369.0;90.0;5.0;4;"https://lista.mercadolivre.com.br/tenis-corrida-masculino";"2024-06-10 23:19:47";529.9;369.9
"";"Tênis Bolsonaro : Liberdade Style Super Confortável ";0.0;0.0;169.0;0.0;4.8;115;"https://lista.mercadolivre.com.br/tenis-corrida-masculino";"2024-06-10 23:19:47";0.0;169.0
"OLYMPIKUS";"Olympikus Jogging 100 Masculino Adultos";209.0;90.0;165.0;90.0;4.5;83;"https://lista.mercadolivre.com.br/tenis-corrida-masculino";"2024-06-10 23:19:47";209.9;165.9
"UNDER ARMOUR";"Under Armour Charged Slight 2 Masculino Adultos";449.0;99.0;291.0;99.0;4.8;416;"https://lista.mercadolivre.com.br/tenis-corrida-masculino";"2024-06-10 23:19:47";449.99;291.99
"OLYMPIKUS";"Olympikus Cyber 3 Masculino Adultos";269.0;90.0;177.0;90.0;4.7;36;"https://lista.mercadolivre.com.br/tenis-corrida-masculino";"2024-06-10 23:19:47";269.9;177.9
"MIZUNO";"Tênis Masculino Mizuno Wave Creation Original Macio Corrida";199.0;90.0;129.0;90.0;3.9;68;"https://lista.mercadolivre.com.br/tenis-corrida-masculino";"2024-06-10 23:19:47";199.9;129.9
"OLYMPIKUS";"Olympikus Aquarios Masculino Adultos";237.0;49.0;184.0;49.0;4.8;1007;"https://lista.mercadolivre.com.br/tenis-corrida-masculino";"2024-06-10 23:19:47";237.49;184.49
"OLDSEN";"Tênis Masculino Jaguar Oldsen Treino Corrida Promoção Top";78.0;97.0;75.0;97.0;4.4;2883;"https://lista.mercadolivre.com.br/tenis-corrida-masculino";"2024-06-10 23:19:47";78.97;75.97
"";"Tenis Esporte Academia Corrida Caminhada Confortável Leve";0.0;0.0;69.0;0.0;4.5;427;"https://lista.mercadolivre.com.br/tenis-corrida-masculino";"2024-06-10 23:19:47";0.0;69.0
"";"Tênis Masculino Esportivo Caminhada Academia Corrida";89.0;90.0;78.0;90.0;4.5;500;"https://lista.mercadolivre.com.br/tenis-corrida-masculino";"2024-06-10 23:19:47";89.9;78.9
"REEBOK";"Tenis Reebok Zig Kinetica 2.5 Adventure Masculino 100074670";0.0;0.0;1.099;0.0;0.0;0;"https://lista.mercadolivre.com.br/tenis-corrida-masculino";"2024-06-10 23:19:47";0.0;1099.0
"";"Tênis Meia Masculino E Feminino Unicc Lançamento";0.0;0.0;79.0;0.0;4.7;59;"https://lista.mercadolivre.com.br/tenis-corrida-masculino";"2024-06-10 23:19:47";0.0;79.0
"ASICS";"Tênis Asics Masculino Feminino Varias Cores Do 34 Ao 43";105.0;99.0;98.0;99.0;4.1;697;"https://lista.mercadolivre.com.br/tenis-corrida-masculino";"2024-06-10 23:19:47";105.99;98.99
"";"Tênis Cross Tryd 5400 Academia Caminhada Confortável Leve";99.0;99.0;69.0;99.0;4.5;1590;"https://lista.mercadolivre.com.br/tenis-corrida-masculino";"2024-06-10 23:19:47";99.99;69.99
"ASCENSION";"Tenis Masculino E Feminino De Caminhada Ortopedico Crossfit";0.0;0.0;69.0;0.0;4.7;2170;"https://lista.mercadolivre.com.br/tenis-corrida-masculino";"2024-06-10 23:19:47";0.0;69.0
"BF SHOES";"Tênis Esportivo Masculino Para Malhar Confortável Lançamento";78.0;90.0;74.0;90.0;4.5;1873;"https://lista.mercadolivre.com.br/tenis-corrida-masculino";"2024-06-10 23:19:47";78.9;74.9
"BOX200";"Tênis Masculino Tamanho Especial Esporte Caminhada Box 200";89.0;90.0;76.0;90.0;4.5;617;"https://lista.mercadolivre.com.br/tenis-corrida-masculino";"2024-06-10 23:19:47";89.9;76.9
"MIZUNO";"Mizuno Wave Mirai 5 Masculino Adultos";316.0;0.0;300.0;0.0;4.5;551;"https://lista.mercadolivre.com.br/tenis-corrida-masculino";"2024-06-10 23:19:47";316.0;300.0
"OLYMPIKUS";"Olympikus Casual Urbano Ast Masculino Adultos";0.0;0.0;187.0;0.0;0.0;0;"https://lista.mercadolivre.com.br/tenis-corrida-masculino";"2024-06-10 23:19:47";0.0;187.0
"";"Tenis Olympikus Proof 3 Masculino Numero 45,46,47,48";199.0;90.0;189.0;90.0;4.8;431;"https://lista.mercadolivre.com.br/tenis-corrida-masculino";"2024-06-10 23:19:47";199.9;189.9
"OLDSEN";"Tenis Masculino Casual Macio Caminhada Treino Oldsen Bmax ";78.0;99.0;75.0;99.0;4.3;85;"https://lista.mercadolivre.com.br/tenis-corrida-masculino";"2024-06-10 23:19:47";78.99;75.99
"";"Tenis Sport Titanium  Original - Esportivo";78.0;90.0;62.0;90.0;4.5;3548;"https://lista.mercadolivre.com.br/tenis-corrida-masculino";"2024-06-10 23:19:47";78.9;62.9
"";"Tenis New Luxxor Masculino Academia Caminhada Corrida,";54.0;90.0;43.0;90.0;4.2;2541;"https://lista.mercadolivre.com.br/tenis-corrida-masculino";"2024-06-10 23:19:47";54.9;43.9
"MIZUNO";"Mizuno Wave Zest Masculino Adultos";419.0;56.0;331.0;56.0;4.6;68;"https://lista.mercadolivre.com.br/tenis-corrida-masculino";"2024-06-10 23:19:47";419.56;331.56
"NEW BALANCE";"New Balance 500 V2 Masculino Adultos";467.0;85.0;336.0;85.0;4.4;27;"https://lista.mercadolivre.com.br/tenis-corrida-masculino";"2024-06-10 23:19:47";467.85;336.85
"ADIDAS";"adidas Duramo RC Feminino Adultos";399.0;99.0;292.0;99.0;4.7;202;"https://lista.mercadolivre.com.br/tenis-corrida-masculino";"2024-06-10 23:19:47";399.99;292.99
"OLYMPIKUS";"Tênis Olympikus Corre Grafeno 2 Para Corrida Maratona";849.0;90.0;662.0;90.0;0.0;0;"https://lista.mercadolivre.com.br/tenis-corrida-masculino";"2024-06-10 23:19:47";849.9;662.9
"OLYMPIKUS";"Olympikus Casual Triunfo 2 Masculino Adultos";229.0;99.0;161.0;99.0;4.8;377;"https://lista.mercadolivre.com.br/tenis-corrida-masculino";"2024-06-10 23:19:47";229.99;161.99
"FILA";"Fila Cage Python Masculino Adultos";0.0;0.0;199.0;0.0;4.5;202;"https://lista.mercadolivre.com.br/tenis-corrida-masculino";"2024-06-10 23:19:47";0.0;199.0
"";"Sapatênis Masculino Em Couro Legitimo Kit Com Relógio Tenis";149.0;90.0;109.0;90.0;4.2;47;"https://lista.mercadolivre.com.br/tenis-corrida-masculino";"2024-06-10 23:19:47";149.9;109.9
"NB";"Tênis Masculino New Balance 997s Sport Exclusivo Original";249.0;99.0;194.0;99.0;4.3;19;"https://lista.mercadolivre.com.br/tenis-corrida-masculino";"2024-06-10 23:19:47";249.99;194.99
"ON RUNNING";"Tênis On Running Cloud Midnight";0.0;0.0;599.0;0.0;4.8;9;"https://lista.mercadolivre.com.br/tenis-corrida-masculino";"2024-06-10 23:19:47";0.0;599.0
"ADIDAS";"adidas Lite Racer 3.0 Masculino Adultos";299.0;99.0;230.0;99.0;4.7;470;"https://lista.mercadolivre.com.br/tenis-corrida-masculino";"2024-06-10 23:19:47";299.99;230.99
"OLYMPIKUS";"Olympikus Eros Sem gênero Adultos";0.0;0.0;179.0;0.0;4.9;51;"https://lista.mercadolivre.com.br/tenis-corrida-masculino";"2024-06-10 23:19:47";0.0;179.0
"OLYMPIKUS";"Tênis Olympikus Index 3 Esportivo Original";189.0;0.0;179.0;0.0;4.9;43;"https://lista.mercadolivre.com.br/tenis-corrida-masculino";"2024-06-10 23:19:47";189.0;179.0
"ASICS";"Asics Gel-Rebound Masculino Adultos";399.0;0.0;315.0;0.0;4.5;13;"https://lista.mercadolivre.com.br/tenis-corrida-masculino";"2024-06-10 23:19:47";399.0;315.0
"FILA";"Tênis Fila Ride Masculino / Feminino - Original ";329.0;99.0;230.0;99.0;0.0;0;"https://lista.mercadolivre.com.br/tenis-corrida-masculino";"2024-06-10 23:19:47";329.99;230.99
"MIZUNO";"Tenis Esportivo Exclusivo Atividade Fisica Leve Confortavel";0.0;0.0;149.0;0.0;4.6;343;"https://lista.mercadolivre.com.br/tenis-corrida-masculino";"2024-06-10 23:19:47";0.0;149.0
"ZEUZ";"Tênis Masculino Leve Esportivo Conforto Dia A Dia Elástico";0.0;0.0;89.0;0.0;4.4;5;"https://lista.mercadolivre.com.br/tenis-corrida-masculino";"2024-06-10 23:19:47";0.0;89.0
"EVOLTENN";"Tenis Academia Corrida Original Caminhada Evoltenn Crossfit";78.0;90.0;74.0;90.0;4.5;3525;"https://lista.mercadolivre.com.br/tenis-corrida-masculino";"2024-06-10 23:19:47";78.9;74.9
"T-SHOES";"Tênis Extremecross Speed Trekking Trilha Ciclismo Corrida";174.0;49.0;153.0;49.0;4.5;239;"https://lista.mercadolivre.com.br/tenis-corrida-masculino";"2024-06-10 23:19:47";174.49;153.49
"OLYMPIKUS";"Tenis Masculino Olympikus Neblina Corrida Academia Trilha";0.0;0.0;263.0;0.0;0.0;0;"https://lista.mercadolivre.com.br/tenis-corrida-masculino";"2024-06-10 23:19:47";0.0;263.0
"";"Tenis Feminino Masculino Olimp Academia Leve Confortável";69.0;99.0;66.0;99.0;4.4;1078;"https://lista.mercadolivre.com.br/tenis-corrida-masculino";"2024-06-10 23:19:47";69.99;66.99
"ON RUNNING";"Tênis On Running Cloud X 2.0";0.0;0.0;599.0;0.0;4.9;38;"https://lista.mercadolivre.com.br/tenis-corrida-masculino";"2024-06-10 23:19:47";0.0;599.0
"FILA";"Fila Racer Carbon 2 Masculino Adultos";1.097;90.0;999.0;90.0;5.0;3;"https://lista.mercadolivre.com.br/tenis-corrida-masculino";"2024-06-10 23:19:47";1.997e+16;999.9
"EVOLTENN";"Kit 3 Combo Tenis Masculino Corrida Treino Academia Leve";189.0;95.0;160.0;95.0;4.5;292;"https://lista.mercadolivre.com.br/tenis-corrida-masculino";"2024-06-10 23:19:47";189.95;160.95
"OLYMPIKUS";"Olympikus Difuse 2 Sem gênero Adultos";298.0;86.0;89.0;86.0;3.8;18;"https://lista.mercadolivre.com.br/tenis-corrida-masculino";"2024-06-10 23:19:47";298.86;89.86
"MIZUNO";"Mizuno Wave Dynasty 5 Masculino Adultos";307.0;85.0;286.0;85.0;4.7;904;"https://lista.mercadolivre.com.br/tenis-corrida-masculino";"2024-06-10 23:19:47";307.85;286.85
"";"Tênis Masculino Esportivo Caminhada Academia Corrida";89.0;90.0;78.0;90.0;4.5;500;"https://lista.mercadolivre.com.br/tenis-corrida-masculino";"2024-06-10 23:19:47";89.9;78.9
"UNDER ARMOUR";"Tenis Under Armour Bankshot Preto Chumbo Metal";383.0;98.0;307.0;98.0;0.0;0;"https://lista.mercadolivre.com.br/tenis-corrida-masculino";"2024-06-10 23:19:47";383.98;307.98
"MIZUNO";"Mizuno Wave Way 3 Masculino Adultos";345.0;54.0;276.0;54.0;4.7;278;"https://lista.mercadolivre.com.br/tenis-corrida-masculino";"2024-06-10 23:19:47";345.54;276.54
"RAYCONN";"Tenis 4 Molas Masculino Corrida Caminhada Running Original";186.0;95.0;166.0;95.0;4.3;49;"https://lista.mercadolivre.com.br/tenis-corrida-masculino";"2024-06-10 23:19:47";186.95;166.95
"PLAZA";"Kit 2 Tênis Masculino Casual Esportivo Neo Running Academia";0.0;0.0;125.0;0.0;4.0;75;"https://lista.mercadolivre.com.br/tenis-corrida-masculino";"2024-06-10 23:19:47";0.0;125.0
"REEBOK";"Tenis Reebok Zig Kinetica 2.5 Adventure Masculino 100074670";0.0;0.0;1.099;0.0;0.0;0;"https://lista.mercadolivre.com.br/tenis-corrida-masculino";"2024-06-10 23:19:47";0.0;1099.0
"";"Tênis Corrida Academia Caminhada Com Calce Fácil Lançamento";109.0;90.0;103.0;90.0;4.7;466;"https://lista.mercadolivre.com.br/tenis-corrida-masculino";"2024-06-10 23:19:47";109.9;103.9
"";"Tenis Sport Titanium  Original - Esportivo";78.0;90.0;62.0;90.0;4.5;3548;"https://lista.mercadolivre.com.br/tenis-corrida-masculino";"2024-06-10 23:19:47";78.9;62.9
"";"Tênis Masculino Olympikus Beats Esportivo Original";299.0;99.0;269.0;99.0;4.8;11;"https://lista.mercadolivre.com.br/tenis-corrida-masculino";"2024-06-10 23:19:47";299.99;269.99
"VANELLI";"Kit 2 Pares Tênis Masculino Esportivo Leve Macio Promoção";142.0;90.0;135.0;90.0;4.6;68;"https://lista.mercadolivre.com.br/tenis-corrida-masculino";"2024-06-10 23:19:47";142.9;135.9
"OLYMPIKUS";"Tenis Masculino Olympikus Proof ";247.0;85.0;188.0;85.0;4.8;264;"https://lista.mercadolivre.com.br/tenis-corrida-masculino";"2024-06-10 23:19:47";247.85;188.85
"OLYMPIKUS";"Tênis Masculino Olympikus Diffuse 5 Original Esportivo";299.0;99.0;254.0;99.0;4.9;66;"https://lista.mercadolivre.com.br/tenis-corrida-masculino";"2024-06-10 23:19:47";299.99;254.99
"NB";"Tenis Calçados Nb Promoção 997s Masculino Envio Rápido";214.0;90.0;199.0;90.0;4.5;17;"https://lista.mercadolivre.com.br/tenis-corrida-masculino";"2024-06-10 23:19:47";214.9;199.9
"";"Kit 2 Tênis Masculino Ferrari New Caminhada Confortável Leve";339.0;90.0;173.0;90.0;5.0;2;"https://lista.mercadolivre.com.br/tenis-corrida-masculino";"2024-06-10 23:19:47";339.9;173.9
"WEST";"Tênis Kit 2 Pares Mizwest 20 Promoção Masculino Garantia !!1";0.0;0.0;155.0;0.0;4.0;327;"https://lista.mercadolivre.com.br/tenis-corrida-masculino";"2024-06-10 23:19:47";0.0;155.0
"PLAZA";"Kit 2 Tênis Masculino Casual Esportivo Neo Running Academia";0.0;0.0;125.0;0.0;4.0;75;"https://lista.mercadolivre.com.br/tenis-corrida-masculino";"2024-06-10 23:19:47";0.0;125.0
"";"Tênis Para Academia Treino Corrida Caminhada Original";59.0;90.0;47.0;90.0;4.6;424;"https://lista.mercadolivre.com.br/tenis-corrida-masculino";"2024-06-10 23:19:47";59.9;47.9
"MVP FITNESS";"Tênis Mvp Para Crossfit - 3x3 All Black";379.0;0.0;360.0;0.0;4.8;123;"https://lista.mercadolivre.com.br/tenis-corrida-masculino";"2024-06-10 23:19:47";379.0;360.0
"PLAZA";"Kit 2 Tênis Esportivo Casual Neo Running + Relógio Digital";0.0;0.0;137.0;0.0;4.4;39;"https://lista.mercadolivre.com.br/tenis-corrida-masculino";"2024-06-10 23:19:47";0.0;137.0
"OLYMPIKUS";"Olympikus Challenger 4 Masculino Adultos";299.0;99.0;220.0;99.0;4.7;9;"https://lista.mercadolivre.com.br/tenis-corrida-masculino";"2024-06-10 23:19:47";299.99;220.99
"ASCENSION";"Tenis Masculino Leve Confotavel Dia A Dia Para Treino";0.0;0.0;109.0;0.0;4.5;158;"https://lista.mercadolivre.com.br/tenis-corrida-masculino";"2024-06-10 23:19:47";0.0;109.0
"";"Tênis Corrida Academia Caminhada Com Calce Fácil Lançamento";109.0;90.0;103.0;90.0;4.7;466;"https://lista.mercadolivre.com.br/tenis-corrida-masculino";"2024-06-10 23:19:47";109.9;103.9
"";"Kit 2 Tenis Masculino Esportivo Adulto Caminhada Corrida To";0.0;0.0;141.0;0.0;5.0;4;"https://lista.mercadolivre.com.br/tenis-corrida-masculino";"2024-06-10 23:19:47";0.0;141.0
"";"Tênis Academia Caminhada Corrida Confortável Leve Pra Malhar";99.0;90.0;68.0;90.0;4.5;231;"https://lista.mercadolivre.com.br/tenis-corrida-masculino";"2024-06-10 23:19:47";99.9;68.9
"";"Tênis Esporte Masculino Pronta Entrega Barato";66.0;90.0;63.0;90.0;4.4;1349;"https://lista.mercadolivre.com.br/tenis-corrida-masculino";"2024-06-10 23:19:47";66.9;63.9
"";"Tênis Para Academia Treino Corrida Caminhada Original";59.0;90.0;47.0;90.0;4.6;424;"https://lista.mercadolivre.com.br/tenis-corrida-masculino";"2024-06-10 23:19:47";59.9;47.9
"OLDSEN";"Tênis Masculino Academia Esportivo Caminhada Academia ";78.0;90.0;69.0;90.0;4.3;169;"https://lista.mercadolivre.com.br/tenis-corrida-masculino";"2024-06-10 23:19:47";78.9;69.9
"PLAZA";"Kit 2 Pares De Tênis Casual Esportivo Neo Original Promoção";0.0;0.0;137.0;0.0;4.1;31;"https://lista.mercadolivre.com.br/tenis-corrida-masculino";"2024-06-10 23:19:47";0.0;137.0
"CREATION";"Combotênis Academia Creation 20 Combo De 3 Pares Confortável";0.0;0.0;199.0;0.0;4.2;243;"https://lista.mercadolivre.com.br/tenis-corrida-masculino";"2024-06-10 23:19:47";0.0;199.0
"ADRUN";"Tênis Esportivo Masculino Adrun Walk 8306m";0.0;0.0;140.0;0.0;4.8;27;"https://lista.mercadolivre.com.br/tenis-corrida-masculino";"2024-06-10 23:19:47";0.0;140.0
"OLYMPIKUS";"Tênis Olympikus Proof 3 Caminhada Treino Corrida Academia";0.0;0.0;199.0;0.0;4.6;172;"https://lista.mercadolivre.com.br/tenis-corrida-masculino";"2024-06-10 23:19:47";0.0;199.0
"OLYMPIKUS";"Tenis Masculino Olympikus Diffuse Hypersox Macio - Original";377.0;85.0;264.0;85.0;4.7;80;"https://lista.mercadolivre.com.br/tenis-corrida-masculino";"2024-06-10 23:19:47";377.85;264.85
"DM DAMANDO";"Kit 2 Pares Tênis De Academia Treino Original Lançamento Dm";0.0;0.0;149.0;0.0;4.0;2;"https://lista.mercadolivre.com.br/tenis-corrida-masculino";"2024-06-10 23:19:47";0.0;149.0
"";"Tenis Esportivo Feminino Masculino,resistente, Confortavel!";0.0;0.0;69.0;0.0;4.5;107;"https://lista.mercadolivre.com.br/tenis-corrida-masculino";"2024-06-10 23:19:47";0.0;69.0
"STARFLEX";"Tênis Com Amortecedor Masculino Corrida Esportivo Flex Mola ";0.0;0.0;134.0;0.0;4.8;18;"https://lista.mercadolivre.com.br/tenis-corrida-masculino";"2024-06-10 23:19:47";0.0;134.0
"KALLUCCI";"Tênis Militar Tático Corrida Kallucci Tfm Todo Em Couro";219.0;90.0;173.0;90.0;4.6;33;"https://lista.mercadolivre.com.br/tenis-corrida-masculino";"2024-06-10 23:19:47";219.9;173.9
"OLDSEN";"Tenis Unissex Infantil Jaguar Corrida Academia Treino 34-43";78.0;90.0;74.0;90.0;4.6;843;"https://lista.mercadolivre.com.br/tenis-corrida-masculino";"2024-06-10 23:19:47";78.9;74.9
"VILI";"Tênis Masculino Academia Caminhada Vili Barato Leve Corrida";0.0;0.0;109.0;0.0;4.5;2200;"https://lista.mercadolivre.com.br/tenis-corrida-masculino";"2024-06-10 23:19:47";0.0;109.0
"";"Sapatilha Híbrida Aquática Pesca Neoprene Trilha Bike Praia";0.0;0.0;53.0;0.0;4.6;214;"https://lista.mercadolivre.com.br/tenis-corrida-masculino";"2024-06-10 23:19:47";0.0;53.0
"OLYMPIKUS";"Olympikus Marte Masculino Adultos";0.0;0.0;151.0;0.0;4.7;245;"https://lista.mercadolivre.com.br/tenis-corrida-masculino";"2024-06-10 23:19:47";0.0;151.0
"ZEUZ";"Tênis Masculino Esportivo Caminhada Academia Musculação Leve";0.0;0.0;80.0;0.0;4.2;9;"https://lista.mercadolivre.com.br/tenis-corrida-masculino";"2024-06-10 23:19:47";0.0;80.0
"OLYMPIKUS";"Olympikus Perfect 3 Masculino Adultos";279.0;0.0;220.0;0.0;4.8;233;"https://lista.mercadolivre.com.br/tenis-corrida-masculino";"2024-06-10 23:19:47";279.0;220.0
"OLYMPIKUS";"Tênis Masculino Olympikus Estilo Esportivo Caminhada";274.0;99.0;195.0;99.0;4.8;93;"https://lista.mercadolivre.com.br/tenis-corrida-masculino";"2024-06-10 23:19:47";274.99;195.99
"RAINHA";"Tênis Chuteira Futsal Futebol Salão Corrida Academia Macio";108.0;70.0;97.0;70.0;4.3;229;"https://lista.mercadolivre.com.br/tenis-corrida-masculino";"2024-06-10 23:19:47";108.7;97.7
"";"Tenis Masculino Oadsey Easy Caminhada Academia Top Boost";0.0;0.0;59.0;0.0;4.5;20;"https://lista.mercadolivre.com.br/tenis-corrida-masculino";"2024-06-10 23:19:47";0.0;59.0
"";"Combo 2 Pares Tênis Jeet Masculino Corrida Caminha Promoção";249.0;90.0;150.0;90.0;4.3;548;"https://lista.mercadolivre.com.br/tenis-corrida-masculino";"2024-06-10 23:19:47";249.9;150.9
"TAYGRA";"Taygra Tenis Dança Conforto Original - Grafite + Brinde";179.0;90.0;170.0;90.0;4.7;23;"https://lista.mercadolivre.com.br/tenis-corrida-masculino";"2024-06-10 23:19:47";179.9;170.9
"OLYMPIKUS";"Tênis Olympikus Challenger 5 Masculino";0.0;0.0;299.0;0.0;0.0;0;"https://lista.mercadolivre.com.br/tenis-corrida-masculino";"2024-06-10 23:19:47";0.0;299.0
"";"Tênis New Balance 997s Original Cores Lançamento Exclusivos!";0.0;0.0;209.0;0.0;4.2;41;"https://lista.mercadolivre.com.br/tenis-corrida-masculino";"2024-06-10 23:19:47";0.0;209.0
"PUMA";"Tênis De Corrida Retaliate 2 Puma Tênis De Corrida";0.0;0.0;399.0;0.0;5.0;1;"https://lista.mercadolivre.com.br/tenis-corrida-masculino";"2024-06-10 23:19:47";0.0;399.0
"OLYMPIKUS";"Tênis Masculino Olympikus Dynamic Academia Caminhada";240.0;0.0;117.0;0.0;4.4;14;"https://lista.mercadolivre.com.br/tenis-corrida-masculino";"2024-06-10 23:19:47";240.0;117.0
"OLYMPIKUS";"Tênis Olympikus Corre Supra Unissex";0.0;0.0;1.199;0.0;4.9;10;"https://lista.mercadolivre.com.br/tenis-corrida-masculino";"2024-06-10 23:19:47";0.0;1199.0
"PLAZA";"Kit 4 Pares Tênis Casual Esportivo Original Neo Atacado ";0.0;0.0;269.0;0.0;4.3;18;"https://lista.mercadolivre.com.br/tenis-corrida-masculino";"2024-06-10 23:19:47";0.0;269.0
"FILA";"Tênis Fila Kr6 Masculino Amarelo Neon Running Corrida";379.0;90.0;360.0;90.0;5.0;24;"https://lista.mercadolivre.com.br/tenis-corrida-masculino";"2024-06-10 23:19:47";379.9;360.9
"FILA";"Tênis Fila Recovery Prata";0.0;0.0;245.0;0.0;4.7;3;"https://lista.mercadolivre.com.br/tenis-corrida-masculino";"2024-06-10 23:19:47";0.0;245.0
"";"Tenis Olympikus Dynamic Masculino Esportivo  Original";254.0;90.0;242.0;90.0;4.8;1408;"https://lista.mercadolivre.com.br/tenis-corrida-masculino";"2024-06-10 23:19:47";254.9;242.9
"MIZUNO";"Tênis Masculino Wave Creation Treino Macio Original Promoção";199.0;90.0;129.0;90.0;0.0;0;"https://lista.mercadolivre.com.br/tenis-corrida-masculino";"2024-06-10 23:19:47";199.9;129.9
"LUIZA PAULA";"Tênis Academia Unissex Conforto Leve Corrida Frete Grátis";0.0;0.0;99.0;0.0;4.6;40;"https://lista.mercadolivre.com.br/tenis-corrida-masculino";"2024-06-10 23:19:47";0.0;99.0
"OLYMPIKUS";"Olympikus Challenger 4 Sem gênero Adultos";299.0;0.0;269.0;0.0;5.0;10;"https://lista.mercadolivre.com.br/tenis-corrida-masculino";"2024-06-10 23:19:47";299.0;269.0
"EVOLTENN";"Tenis Academia Corrida Original Caminhada Evoltenn Crossfit";78.0;90.0;74.0;90.0;4.5;3525;"https://lista.mercadolivre.com.br/tenis-corrida-masculino";"2024-06-10 23:19:47";78.9;74.9
"";"Tênis Masculino Academia Rixxon Leve Promoção Barato ";87.0;90.0;80.0;90.0;4.4;474;"https://lista.mercadolivre.com.br/tenis-corrida-masculino";"2024-06-10 23:19:47";87.9;80.9
"EVOLTENN";"Kit 3 Combo Tenis Masculino Corrida Original Academia Leve";198.0;78.0;178.0;78.0;4.5;1011;"https://lista.mercadolivre.com.br/tenis-corrida-masculino";"2024-06-10 23:19:47";198.78;178.78
"OLYMPIKUS";"Olympikus Challenger 4 Sem gênero Adultos";299.0;0.0;269.0;0.0;5.0;10;"https://lista.mercadolivre.com.br/tenis-corrida-masculino";"2024-06-10 23:19:47";299.0;269.0
"RAINHA";"Tênis Masculino Corrida Leve E Resistente Lindo Rainha Z239";0.0;0.0;169.0;0.0;4.7;81;"https://lista.mercadolivre.com.br/tenis-corrida-masculino";"2024-06-10 23:19:47";0.0;169.0
"OLYMPIKUS";"Tênis Olympikus Proof Masculino Original";175.0;55.0;166.0;55.0;4.6;7;"https://lista.mercadolivre.com.br/tenis-corrida-masculino";"2024-06-10 23:19:47";175.55;166.55
"WM";"Tenis Olimp Masculino Feminino Lançamento Muito Envio Rápido";0.0;0.0;109.0;0.0;4.2;37;"https://lista.mercadolivre.com.br/tenis-corrida-masculino";"2024-06-10 23:19:47";0.0;109.0
"";"Tenis Masculino Kit Olimp 02 Pares Academia Entrega Rapida";0.0;0.0;144.0;0.0;4.4;635;"https://lista.mercadolivre.com.br/tenis-corrida-masculino";"2024-06-10 23:19:47";0.0;144.0
"KAPPA";"Tênis Kappa Impact Masculino Open Box";0.0;0.0;99.0;0.0;0.0;0;"https://lista.mercadolivre.com.br/tenis-corrida-masculino";"2024-06-10 23:19:47";0.0;99.0
"VILI";"Tênis Masculino Academia Caminhada Vili Barato Leve Corrida";0.0;0.0;109.0;0.0;4.5;2200;"https://lista.mercadolivre.com.br/tenis-corrida-masculino";"2024-06-10 23:19:47";0.0;109.0
"SCHIARELI";"Tênis Confortavel Esportivo Leve Macio Varias Cores";0.0;0.0;139.0;0.0;4.7;52;"https://lista.mercadolivre.com.br/tenis-corrida-masculino";"2024-06-10 23:19:47";0.0;139.0
"OLYMPIKUS";"Olympikus Express Masculino Adultos";274.0;99.0;195.0;99.0;4.6;282;"https://lista.mercadolivre.com.br/tenis-corrida-masculino";"2024-06-10 23:19:47";274.99;195.99
"OLYMPIKUS";"Tênis Masculino Olympikus Original Academia Caminhada Rápido";349.0;90.0;118.0;90.0;3.6;17;"https://lista.mercadolivre.com.br/tenis-corrida-masculino";"2024-06-10 23:19:47";349.9;118.9
"DM DAMANDO";"Tênis Masculino Conforto Passeio/esporte + Relógio";0.0;0.0;77.0;0.0;4.3;113;"https://lista.mercadolivre.com.br/tenis-corrida-masculino";"2024-06-10 23:19:47";0.0;77.0
"EVOLTENN";"Tênis Esporte Masculino Feminino Treino Academia Caminhada";78.0;90.0;62.0;90.0;4.4;614;"https://lista.mercadolivre.com.br/tenis-corrida-masculino";"2024-06-10 23:19:47";78.9;62.9
"OLYMPIKUS";"Tênis Olympikus Estilo 2 Preto";0.0;0.0;209.0;0.0;5.0;2;"https://lista.mercadolivre.com.br/tenis-corrida-masculino";"2024-06-10 23:19:47";0.0;209.0
"SCHIARELI";"Tênis Confortavel Esportivo Leve Macio Varias Cores";0.0;0.0;139.0;0.0;4.7;52;"https://lista.mercadolivre.com.br/tenis-corrida-masculino";"2024-06-10 23:19:47";0.0;139.0
"OLYMPIKUS";"Tênis Olympikus Estilo 2 Preto";0.0;0.0;199.0;0.0;3.7;10;"https://lista.mercadolivre.com.br/tenis-corrida-masculino";"2024-06-10 23:19:47";0.0;199.0
"OLYMPIKUS";"Tênis Olympikus Proof 3 Masculino Original";199.0;99.0;155.0;99.0;4.8;126;"https://lista.mercadolivre.com.br/tenis-corrida-masculino";"2024-06-10 23:19:47";199.99;155.99
"ADAPTION";"Adaption Easy Masculino Adultos";0.0;0.0;52.0;0.0;4.3;1414;"https://lista.mercadolivre.com.br/tenis-corrida-masculino";"2024-06-10 23:19:47";0.0;52.0
"ADIDAS";"adidas Runfalcon 3.0 Masculino Adultos";389.0;90.0;331.0;90.0;4.7;563;"https://lista.mercadolivre.com.br/tenis-corrida-masculino";"2024-06-10 23:19:47";389.9;331.9
"PUMA";"Puma Electron E Masculino Adultos";0.0;0.0;469.0;0.0;0.0;0;"https://lista.mercadolivre.com.br/tenis-corrida-masculino";"2024-06-10 23:19:47";0.0;469.0
"OLYMPIKUS";"Olympikus Corre Trilha Sem gênero Adultos";599.0;90.0;475.0;90.0;0.0;0;"https://lista.mercadolivre.com.br/tenis-corrida-masculino";"2024-06-10 23:19:47";599.9;475.9
"EVOLTENN";"Kit Três Tênis Desportivo De Corrida Para Academia Promoção";198.0;90.0;168.0;90.0;4.6;191;"https://lista.mercadolivre.com.br/tenis-corrida-masculino";"2024-06-10 23:19:47";198.9;168.9
"";"Conjunto Moletom Masculino Pijama Blusa Tenis Masculino";0.0;0.0;159.0;0.0;4.1;27;"https://lista.mercadolivre.com.br/tenis-corrida-masculino";"2024-06-10 23:19:47";0.0;159.0
"OLYMPIKUS";"Tênis Olympikus Neblina Masculino";0.0;0.0;279.0;0.0;4.5;19;"https://lista.mercadolivre.com.br/tenis-corrida-masculino";"2024-06-10 23:19:47";0.0;279.0
"FILA";"Tenis Fila Masculino Promoção ";0.0;0.0;289.0;0.0;4.8;24;"https://lista.mercadolivre.com.br/tenis-corrida-masculino";"2024-06-10 23:19:47";0.0;289.0
"NEW BALANCE";"Tênis New Balance 997s Sport Exclusivo Lançamento ";209.0;7.0;198.0;7.0;4.0;5;"https://lista.mercadolivre.com.br/tenis-corrida-masculino";"2024-06-10 23:19:47";209.07;198.07
"UNDER ARMOUR";"Tênis De Corrida Unissex Under Armour Charged Wing";299.0;99.0;230.0;99.0;0.0;0;"https://lista.mercadolivre.com.br/tenis-corrida-masculino";"2024-06-10 23:19:47";299.99;230.99
"OLYMPIKUS";"Tenis Masculino Olympikus Cyber 3";0.0;0.0;249.0;0.0;4.9;61;"https://lista.mercadolivre.com.br/tenis-corrida-masculino";"2024-06-10 23:19:47";0.0;249.0
"PLAZA";"Kit 2 Pares De Tênis Super Leve Plaza Neo Esportivo +relógio";0.0;0.0;139.0;0.0;4.3;379;"https://lista.mercadolivre.com.br/tenis-corrida-masculino";"2024-06-10 23:19:47";0.0;139.0
"FILA";"Fila Running Progress Masculino Adultos";333.0;22.0;290.0;22.0;4.7;178;"https://lista.mercadolivre.com.br/tenis-corrida-masculino";"2024-06-10 23:19:47";333.22;290.22
"OLYMPIKUS";"Olympikus CORRIDA Reverso 2 Masculino Adultos";379.0;0.0;299.0;0.0;4.8;42;"https://lista.mercadolivre.com.br/tenis-corrida-masculino";"2024-06-10 23:19:47";379.0;299.0
"FILA";"Tenis Fila Racer Nairobi Masculino-marinho/cinza/branco";347.0;34.0;277.0;34.0;0.0;0;"https://lista.mercadolivre.com.br/tenis-corrida-masculino";"2024-06-10 23:19:47";347.34;277.34
"UNDER ARMOUR";"Tênis Under Armour Spawn 3 Preto";0.0;0.0;359.0;0.0;4.7;252;"https://lista.mercadolivre.com.br/tenis-corrida-masculino";"2024-06-10 23:19:47";0.0;359.0
"ASICS";"Asics Gel-Shogun 5 Masculino Adultos";479.0;90.0;323.0;90.0;4.7;166;"https://lista.mercadolivre.com.br/tenis-corrida-masculino";"2024-06-10 23:19:47";479.9;323.9
"OLYMPIKUS";"Tênis Olympikus Reverso 2 Preto - Adulto";379.0;99.0;254.0;99.0;5.0;4;"https://lista.mercadolivre.com.br/tenis-corrida-masculino";"2024-06-10 23:19:47";379.99;254.99
"";"Tênis Masculino Corrida Advanced Edição Run Nova Tecnologia";0.0;0.0;109.0;0.0;4.5;210;"https://lista.mercadolivre.com.br/tenis-corrida-masculino";"2024-06-10 23:19:47";0.0;109.0
"";"Kit Mochila E Tênis De Led Infantil Homem Aranha";0.0;0.0;99.0;0.0;0.0;0;"https://lista.mercadolivre.com.br/tenis-corrida-masculino";"2024-06-10 23:19:47";0.0;99.0
"MIZUNO";"Mizuno Cool Ride Masculino Adultos";379.0;90.0;238.0;90.0;4.7;848;"https://lista.mercadolivre.com.br/tenis-corrida-masculino";"2024-06-10 23:19:47";379.9;238.9
"";"Tênis Feminino Masculino Para Treino Confortável Olimpiko";0.0;0.0;59.0;0.0;4.4;10;"https://lista.mercadolivre.com.br/tenis-corrida-masculino";"2024-06-10 23:19:47";0.0;59.0
"NEW BALANCE";"New Balance 574 V2 Masculino Adultos";549.0;90.0;434.0;90.0;5.0;5;"https://lista.mercadolivre.com.br/tenis-corrida-masculino";"2024-06-10 23:19:47";549.9;434.9
"";"Tenis Couro Masculino Casual Boston Betterman";299.0;0.0;209.0;0.0;0.0;0;"https://lista.mercadolivre.com.br/tenis-corrida-masculino";"2024-06-10 23:19:47";299.0;209.0
"";"Tênis Corrida Bolha Plus 1 Tn Muito Leve Novo Cr7 Oferta";0.0;0.0;109.0;0.0;0.0;0;"https://lista.mercadolivre.com.br/tenis-corrida-masculino";"2024-06-10 23:19:47";0.0;109.0
"EVOLTENN";"Tenis Academia Corrida Original Caminhada Evoltenn Wezzy";78.0;90.0;66.0;90.0;4.6;36;"https://lista.mercadolivre.com.br/tenis-corrida-masculino";"2024-06-10 23:19:47";78.9;66.9
"MIZUNO";"Tênis De Corrida Masculino Mizuno Advance Rsp 0970 Original";489.0;99.0;396.0;99.0;0.0;0;"https://lista.mercadolivre.com.br/tenis-corrida-masculino";"2024-06-10 23:19:47";489.99;396.99
"DM DAMANDO";"Kit Combo 2 Tenis Masculino Dm Damando Academia + Relógio";0.0;0.0;149.0;0.0;4.5;13;"https://lista.mercadolivre.com.br/tenis-corrida-masculino";"2024-06-10 23:19:47";0.0;149.0
"OLYMPIKUS";"Tenis Olympikus Masculino Feminino 34 Ao 43 Pronta Entrega";109.0;99.0;104.0;99.0;4.3;851;"https://lista.mercadolivre.com.br/tenis-corrida-masculino";"2024-06-10 23:19:47";109.99;104.99
"";"Tênis Yezy 350 Masculino- Promoção";0.0;0.0;299.0;0.0;0.0;0;"https://lista.mercadolivre.com.br/tenis-corrida-masculino";"2024-06-10 23:19:47";0.0;299.0
"QIX INTERNATIONAL";"Tênis Qix Golden";449.0;90.0;427.0;90.0;5.0;4;"https://lista.mercadolivre.com.br/tenis-corrida-masculino";"2024-06-10 23:19:47";449.9;427.9
"FILA";"Tênis Fila Racer Carbon 2 Masculino";1.097;90.0;999.0;90.0;4.9;12;"https://lista.mercadolivre.com.br/tenis-corrida-masculino";"2024-06-10 23:19:47";1.997e+16;999.9
"EDGE";"Tênis Masculinos Edge Low Bull Preto";0.0;0.0;189.0;0.0;0.0;0;"https://lista.mercadolivre.com.br/tenis-corrida-masculino";"2024-06-10 23:19:47";0.0;189.0
"ASICS";"Asics Shinobi Masculino Adultos";388.0;90.0;307.0;90.0;5.0;22;"https://lista.mercadolivre.com.br/tenis-corrida-masculino";"2024-06-10 23:19:47";388.9;307.9
"OLYMPIKUS";"Olympikus Neblina Masculino Adultos";359.0;90.0;284.0;90.0;4.8;46;"https://lista.mercadolivre.com.br/tenis-corrida-masculino";"2024-06-10 23:19:47";359.9;284.9
"OLDSEN";"Tênis Masculino Jaguar Oldsen Treino Corrida Promoção Top";78.0;97.0;75.0;97.0;4.4;2883;"https://lista.mercadolivre.com.br/tenis-corrida-masculino";"2024-06-10 23:19:47";78.97;75.97
"OLYMPIKUS";"Olympikus 24/7 Lap Masculino Adultos";218.0;74.0;134.0;74.0;4.8;7863;"https://lista.mercadolivre.com.br/tenis-corrida-masculino";"2024-06-10 23:19:47";218.74;134.74
"";"Tênis Yezy 350 Masculino- Promoção";0.0;0.0;299.0;0.0;0.0;0;"https://lista.mercadolivre.com.br/tenis-corrida-masculino";"2024-06-10 23:19:47";0.0;299.0
"ASICS";"Asics Shinobi Masculino Adultos";388.0;90.0;307.0;90.0;5.0;22;"https://lista.mercadolivre.com.br/tenis-corrida-masculino";"2024-06-10 23:19:47";388.9;307.9
"OLYMPIKUS";"Olympikus Neblina Masculino Adultos";359.0;90.0;284.0;90.0;4.8;46;"https://lista.mercadolivre.com.br/tenis-corrida-masculino";"2024-06-10 23:19:47";359.9;284.9
"OLYMPIKUS";"Tênis Masculino Olympikus Urbano Ast Casual";277.0;67.0;193.0;67.0;4.6;164;"https://lista.mercadolivre.com.br/tenis-corrida-masculino";"2024-06-10 23:19:47";277.67;193.67
"OLYMPIKUS";"Tênis Olympikus Triunfo 3 Masculino - 314";0.0;0.0;229.0;0.0;0.0;0;"https://lista.mercadolivre.com.br/tenis-corrida-masculino";"2024-06-10 23:19:47";0.0;229.0
"EVOLTENN";"Kit Três Tênis Feminino Sportivo Corrida Masculino Caminhada";198.0;70.0;168.0;70.0;4.5;16;"https://lista.mercadolivre.com.br/tenis-corrida-masculino";"2024-06-10 23:19:47";198.7;168.7
"";"Tenis Sapatilha Neoprene Bike Pesca Unissex Top Promoção ";0.0;0.0;52.0;0.0;4.6;490;"https://lista.mercadolivre.com.br/tenis-corrida-masculino";"2024-06-10 23:19:47";0.0;52.0
"EVOLTENN";"Kit Três Tênis Desportivo De Corrida Para Academia Promoção";198.0;90.0;168.0;90.0;4.6;191;"https://lista.mercadolivre.com.br/tenis-corrida-masculino";"2024-06-10 23:19:47";198.9;168.9
"MZ";"Kit 3 Tênis Academia Unissex 33 Ao 44 Creation 20 Promoção";449.0;99.0;270.0;99.0;4.2;13;"https://lista.mercadolivre.com.br/tenis-corrida-masculino";"2024-06-10 23:19:47";449.99;270.99
"";"Sapatilha Aquatica Neoprene Secarapido Sola Forte Confort";0.0;0.0;52.0;0.0;4.6;753;"https://lista.mercadolivre.com.br/tenis-corrida-masculino";"2024-06-10 23:19:47";0.0;52.0
"OLYMPIKUS";"Tênis Olympikus Corre 3 Unissex";0.0;0.0;499.0;0.0;4.9;331;"https://lista.mercadolivre.com.br/tenis-corrida-masculino";"2024-06-10 23:19:47";0.0;499.0
"POLO JOY";"Combo 2 Pares Tenis Masculino Polo Joy Sapatenis Casual";199.0;90.0;169.0;90.0;4.7;1356;"https://lista.mercadolivre.com.br/tenis-corrida-masculino";"2024-06-10 23:19:47";199.9;169.9
"OLYMPIKUS";"Tênis Olympikus Dynamic Esportivo Masculino Original Ref -34";0.0;0.0;239.0;0.0;4.9;7;"https://lista.mercadolivre.com.br/tenis-corrida-masculino";"2024-06-10 23:19:47";0.0;239.0
"OUSY SHOES";"Tênis Caminhada Academia Leve Confortável Feminino Masculino";0.0;0.0;56.0;0.0;4.5;89;"https://lista.mercadolivre.com.br/tenis-corrida-masculino";"2024-06-10 23:19:47";0.0;56.0
"OLYMPIKUS";"Olympikus Proof 2 Masculino Adultos";0.0;0.0;169.0;0.0;4.7;75;"https://lista.mercadolivre.com.br/tenis-corrida-masculino";"2024-06-10 23:19:47";0.0;169.0
"FILA";"Tenis Fila Racer Nairobi Masculino-preto/cinza/verde";347.0;34.0;277.0;34.0;0.0;0;"https://lista.mercadolivre.com.br/tenis-corrida-masculino";"2024-06-10 23:19:47";347.34;277.34
"";"Tênis Olimpikus Masculino Feminino Difuse Flash Promoção";0.0;0.0;96.0;0.0;4.1;190;"https://lista.mercadolivre.com.br/tenis-corrida-masculino";"2024-06-10 23:19:47";0.0;96.0
"OLYMPIKUS";"Tenis Esportivo Masculino Feminino Barato Leve E Resistente";109.0;90.0;96.0;90.0;4.1;535;"https://lista.mercadolivre.com.br/tenis-corrida-masculino";"2024-06-10 23:19:47";109.9;96.9
"ADRUN";"Tênis Esportivo Masculino Adrun Flex Moove 9704m-167 Preto";0.0;0.0;149.0;0.0;0.0;0;"https://lista.mercadolivre.com.br/tenis-corrida-masculino";"2024-06-10 23:19:47";0.0;149.0
"OLYMPIKUS";"Tênis Olympikus Corre Grafeno 2 Verde";0.0;0.0;599.0;0.0;4.9;50;"https://lista.mercadolivre.com.br/tenis-corrida-masculino";"2024-06-10 23:19:47";0.0;599.0
"DM DAMANDO";"Tenis Masculino Para Sport Treino Academia Ultra Leve ";0.0;0.0;84.0;0.0;4.7;37;"https://lista.mercadolivre.com.br/tenis-corrida-masculino";"2024-06-10 23:19:47";0.0;84.0
"";"Tenis Hibrido Sapatilha Aquatica Neoprene Confortável Top";0.0;0.0;54.0;0.0;4.8;29;"https://lista.mercadolivre.com.br/tenis-corrida-masculino";"2024-06-10 23:19:47";0.0;54.0
"NB";"Tênis Nb Casual Esportivo Macio Leve Pronta Entrega Promoção";0.0;0.0;196.0;0.0;4.5;40;"https://lista.mercadolivre.com.br/tenis-corrida-masculino";"2024-06-10 23:19:47";0.0;196.0
"OLYMPIKUS";"Tênis Masculino Academia Olympikus Esportivo Leve Confort";249.0;99.0;237.0;99.0;0.0;0;"https://lista.mercadolivre.com.br/tenis-corrida-masculino";"2024-06-10 23:19:47";249.99;237.99
"ADIDAS";"adidas Trainer V Masculino Adultos";599.0;99.0;473.0;99.0;5.0;5;"https://lista.mercadolivre.com.br/tenis-corrida-masculino";"2024-06-10 23:19:47";599.99;473.99
"OLYMPIKUS";"Tênis Olympikus Cygnus Cinza E Verde";0.0;0.0;149.0;0.0;4.8;29;"https://lista.mercadolivre.com.br/tenis-corrida-masculino";"2024-06-10 23:19:47";0.0;149.0
"N&W";"Tênis New Balance 997 Original Importado Lançamento ";239.0;88.0;189.0;88.0;4.3;104;"https://lista.mercadolivre.com.br/tenis-corrida-masculino";"2024-06-10 23:19:47";239.88;189.88
"OLYMPIKUS";"Tênis Olympikus Corre 3 Verde";0.0;0.0;499.0;0.0;4.8;124;"https://lista.mercadolivre.com.br/tenis-corrida-masculino";"2024-06-10 23:19:47";0.0;499.0
"";"Tênis Masculino Tn Plus 3 Lançamento Envio Imediato";0.0;0.0;109.0;0.0;0.0;0;"https://lista.mercadolivre.com.br/tenis-corrida-masculino";"2024-06-10 23:19:47";0.0;109.0
"";"Combo 3 Tênis Sapatênis Masculinos Barato";0.0;0.0;78.0;0.0;4.2;28;"https://lista.mercadolivre.com.br/tenis-corrida-masculino";"2024-06-10 23:19:47";0.0;78.0
"";"Bermuda Masculina + Tenis Esportivo E Relogio Preço Baixo";0.0;0.0;109.0;0.0;4.3;8;"https://lista.mercadolivre.com.br/tenis-corrida-masculino";"2024-06-10 23:19:47";0.0;109.0
"MIZUNO";"Mizuno Wave Falcon 5 Masculino Adultos";431.0;80.0;252.0;80.0;4.9;8;"https://lista.mercadolivre.com.br/tenis-corrida-masculino";"2024-06-10 23:19:47";431.8;252.8
"VIA LIVRE";"Tênis Masculino Corrida Advanced Aero Academia Leve Macio";149.0;90.0;44.0;90.0;5.0;4;"https://lista.mercadolivre.com.br/tenis-corrida-masculino";"2024-06-10 23:19:47";149.9;44.9
"WAVE";"Kit Com 3 Pares Super Promoção Tênis Esportivo Molas Creatio";0.0;0.0;218.0;0.0;4.0;87;"https://lista.mercadolivre.com.br/tenis-corrida-masculino";"2024-06-10 23:19:47";0.0;218.0
"";"Tênis Misuno Propheecy Ls 8 X  Envio Gratis Oferta";0.0;0.0;155.0;0.0;0.0;0;"https://lista.mercadolivre.com.br/tenis-corrida-masculino";"2024-06-10 23:19:47";0.0;155.0
"TAYGRA";"Tênis Taygra Conforto Original + Brinde Unissex Várias Cores";179.0;90.0;170.0;90.0;4.8;95;"https://lista.mercadolivre.com.br/tenis-corrida-masculino";"2024-06-10 23:19:47";179.9;170.9
"VANS";"Vans Knu Stack Masculino Adultos";280.0;0.0;109.0;0.0;3.6;18;"https://lista.mercadolivre.com.br/tenis-corrida-masculino";"2024-06-10 23:19:47";280.0;109.0
"FILA";"Tênis Fila Magnus Masculino Preto Laranja Corrida Academia";0.0;0.0;239.0;0.0;4.5;4;"https://lista.mercadolivre.com.br/tenis-corrida-masculino";"2024-06-10 23:19:47";0.0;239.0
"BURCOLLI";"Sapatilha Aquática Esportiva Náutica Trilha Cachoeira Bike";0.0;0.0;51.0;0.0;4.9;14;"https://lista.mercadolivre.com.br/tenis-corrida-masculino";"2024-06-10 23:19:47";0.0;51.0
"OLYMPIKUS";"Tênis Olympikus Ultraleve 237g";178.0;24.0;153.0;24.0;0.0;0;"https://lista.mercadolivre.com.br/tenis-corrida-masculino";"2024-06-10 23:19:47";178.24;153.24
"OVERTRAK";"Tenis Sport Titanium Corrida Caminhada Esportivo";0.0;0.0;39.0;0.0;4.4;27;"https://lista.mercadolivre.com.br/tenis-corrida-masculino";"2024-06-10 23:19:47";0.0;39.0
"FILA";"Tênis De Corrida Fila Kr6 Masculino Preto";0.0;0.0;384.0;0.0;5.0;2;"https://lista.mercadolivre.com.br/tenis-corrida-masculino";"2024-06-10 23:19:47";0.0;384.0
"";"Tênis Masculino Prospect Ultra Leve Macio Esportivo Academia";0.0;0.0;78.0;0.0;0.0;0;"https://lista.mercadolivre.com.br/tenis-corrida-masculino";"2024-06-10 23:19:47";0.0;78.0
"OUSY SHOES";"Kit 2 Tênis Masculino Academia Easy Cadarço Caminhada Novo";159.0;90.0;130.0;90.0;4.4;78;"https://lista.mercadolivre.com.br/tenis-corrida-masculino";"2024-06-10 23:19:47";159.9;130.9
"HOCKS";"Tenis Hocks Clássico Preto Original Unissex Skatista";349.0;90.0;279.0;90.0;0.0;0;"https://lista.mercadolivre.com.br/tenis-corrida-masculino";"2024-06-10 23:19:47";349.9;279.9
"";"Tenis Masculino Esportivo Wave West Boot Confortavel Academi";0.0;0.0;73.0;0.0;3.8;5;"https://lista.mercadolivre.com.br/tenis-corrida-masculino";"2024-06-10 23:19:47";0.0;73.0
"";"Tênis Corrida Tamanho Especial Masculino Revior ";0.0;0.0;139.0;0.0;0.0;0;"https://lista.mercadolivre.com.br/tenis-corrida-masculino";"2024-06-10 23:19:47";0.0;139.0
"ASICS";"Tênis Masculino Asics Sendai 2 Original Couro Caminhada ";299.0;90.0;119.0;90.0;3.5;11;"https://lista.mercadolivre.com.br/tenis-corrida-masculino";"2024-06-10 23:19:47";299.9;119.9
"WEST";"Tênis Kit 2 Pares Mizwest 20 Promoção Masculino Garantia !!1";0.0;0.0;155.0;0.0;4.0;327;"https://lista.mercadolivre.com.br/tenis-corrida-masculino";"2024-06-10 23:19:47";0.0;155.0
"";"Kit 2 Tênis Masculino Prospect Pulse Confortável + Óculos";159.0;90.0;108.0;90.0;0.0;0;"https://lista.mercadolivre.com.br/tenis-corrida-masculino";"2024-06-10 23:19:47";159.9;108.9
"ADIDAS";"Tênis adidas Lite Racer 3.0 All Black";0.0;0.0;279.0;0.0;4.8;70;"https://lista.mercadolivre.com.br/tenis-corrida-masculino";"2024-06-10 23:19:47";0.0;279.0
"ASCENSION";"Tênis Masculino Ortopédico Caminhada Treino Calce Facil";0.0;0.0;99.0;0.0;4.6;5;"https://lista.mercadolivre.com.br/tenis-corrida-masculino";"2024-06-10 23:19:47";0.0;99.0
"ASCENSION";"Tenis Masculino E Feminino De Caminhada Ortopedico Crossfit";0.0;0.0;69.0;0.0;4.7;2170;"https://lista.mercadolivre.com.br/tenis-corrida-masculino";"2024-06-10 23:19:47";0.0;69.0
"HOCKS";"Tenis Hocks Clássico Preto Original Unissex Skatista";349.0;90.0;279.0;90.0;0.0;0;"https://lista.mercadolivre.com.br/tenis-corrida-masculino";"2024-06-10 23:19:47";349.9;279.9
"PLAZA";"Kit 2 Tênis Esportivo Casual Neo Running + Relógio Digital";0.0;0.0;137.0;0.0;4.4;39;"https://lista.mercadolivre.com.br/tenis-corrida-masculino";"2024-06-10 23:19:47";0.0;137.0
"";"Sapatilha Neoprene Unissex Secagem Rapida Confortavel Top ";0.0;0.0;53.0;0.0;4.6;180;"https://lista.mercadolivre.com.br/tenis-corrida-masculino";"2024-06-10 23:19:47";0.0;53.0
"HEADER";"Kit 2 Tênis Masculino Header Easy Várias Cores Top + Relógio";0.0;0.0;129.0;0.0;4.5;32;"https://lista.mercadolivre.com.br/tenis-corrida-masculino";"2024-06-10 23:19:47";0.0;129.0
"";"Tênis Corrida Bolha Plus 1 Tn Muito Leve Novo Cr7 Mes";0.0;0.0;379.0;0.0;0.0;0;"https://lista.mercadolivre.com.br/tenis-corrida-masculino";"2024-06-10 23:19:47";0.0;379.0
"";"Tenis Olympikus Dynamic Masculino Esportivo  Original";259.0;99.0;246.0;99.0;4.7;44;"https://lista.mercadolivre.com.br/tenis-corrida-masculino";"2024-06-10 23:19:47";259.99;246.99
"TN";"Tênis Molas Bolha Plus 1 Tn Masculino Novidade Scarpa Cr7";399.0;90.0;131.0;90.0;0.0;0;"https://lista.mercadolivre.com.br/tenis-corrida-masculino";"2024-06-10 23:19:47";399.9;131.9
"OLYMPIKUS";"Tênis Olympikus Dynamic Masculino Esportivo Original";269.0;99.0;237.0;99.0;4.9;23;"https://lista.mercadolivre.com.br/tenis-corrida-masculino";"2024-06-10 23:19:47";269.99;237.99
"LUIZA PAULA";"Tênis Academia Unissex Conforto Leve Corrida Frete Grátis";0.0;0.0;99.0;0.0;4.6;40;"https://lista.mercadolivre.com.br/tenis-corrida-masculino";"2024-06-10 23:19:47";0.0;99.0
"OUSY SHOES";"Kit 2 Tênis Masculino Academia Easy Cadarço Caminhada Novo";159.0;90.0;130.0;90.0;4.4;78;"https://lista.mercadolivre.com.br/tenis-corrida-masculino";"2024-06-10 23:19:47";159.9;130.9
"ASCENSION";"Tênis Masculino Ortopédico Caminhada Treino Calce Facil";0.0;0.0;99.0;0.0;4.6;5;"https://lista.mercadolivre.com.br/tenis-corrida-masculino";"2024-06-10 23:19:47";0.0;99.0
"OLYMPIKUS";"Tenis Olympikus Vibração Masculino Original";0.0;0.0;179.0;0.0;4.2;22;"https://lista.mercadolivre.com.br/tenis-corrida-masculino";"2024-06-10 23:19:47";0.0;179.0
"OLYMPIKUS";"Tênis Casual Olympikus Noventa Preto Unissex Pro";212.0;98.0;191.0;98.0;4.6;15;"https://lista.mercadolivre.com.br/tenis-corrida-masculino";"2024-06-10 23:19:47";212.98;191.98
"OUSY SHOES";"Tênis Caminhada Training Leve Confortável Masculino 2019";78.0;90.0;62.0;90.0;4.5;67;"https://lista.mercadolivre.com.br/tenis-corrida-masculino";"2024-06-10 23:19:47";78.9;62.9
"FILA";"Fila Outfield Masculino Adultos";0.0;0.0;225.0;0.0;4.7;25;"https://lista.mercadolivre.com.br/tenis-corrida-masculino";"2024-06-10 23:19:47";0.0;225.0
"ULTRABONE";"Tênis Unissex Ultrabone Corrida Caminhada Ultra Leve E Macio";0.0;0.0;149.0;0.0;5.0;1;"https://lista.mercadolivre.com.br/tenis-corrida-masculino";"2024-06-10 23:19:47";0.0;149.0
"HARD";"Tenis Masculino, Corrida Esportivo Levinho Novo Lançamento";129.0;0.0;79.0;0.0;4.2;54;"https://lista.mercadolivre.com.br/tenis-corrida-masculino";"2024-06-10 23:19:47";129.0;79.0
"";"Tenis Ortopedico Masculino Corrida Caminhada Tamanho Grande";134.0;0.0;127.0;0.0;4.5;4;"https://lista.mercadolivre.com.br/tenis-corrida-masculino";"2024-06-10 23:19:47";134.0;127.0
"FILA";"Tênis Fila Kr6 Preto";0.0;0.0;399.0;0.0;4.9;42;"https://lista.mercadolivre.com.br/tenis-corrida-masculino";"2024-06-10 23:19:47";0.0;399.0
"";"Kit Tênis Esportivo Corrida Conforto Academia Combo 2 Pares";139.0;90.0;126.0;90.0;4.3;12;"https://lista.mercadolivre.com.br/tenis-corrida-masculino";"2024-06-10 23:19:47";139.9;126.9
"OLYMP";"Tênis Lançamento Kit 2 Pares Mega Olymp Promoção Original";144.0;99.0;137.0;99.0;4.3;359;"https://lista.mercadolivre.com.br/tenis-corrida-masculino";"2024-06-10 23:19:47";144.99;137.99
"OUSY SHOES";"Kits Tênis Feminino Masculino Treino 2 Pares Brinde Relógio";169.0;90.0;143.0;90.0;4.5;338;"https://lista.mercadolivre.com.br/tenis-corrida-masculino";"2024-06-10 23:19:47";169.9;143.9
"NEW BALANCE";"Tenis New Balance Fresh Foam X Hierro V7 Cinza Mthier7v";0.0;0.0;699.0;0.0;0.0;0;"https://lista.mercadolivre.com.br/tenis-corrida-masculino";"2024-06-10 23:19:47";0.0;699.0
"ASC";"Tenis Ortopedico Masculino Corrida Caminhada Esportes ";169.0;99.0;139.0;99.0;4.4;230;"https://lista.mercadolivre.com.br/tenis-corrida-masculino";"2024-06-10 23:19:47";169.99;139.99
"SIX STREET";"Tênis Running Masculino Six Street Adultos";0.0;0.0;249.0;0.0;0.0;0;"https://lista.mercadolivre.com.br/tenis-corrida-masculino";"2024-06-10 23:19:47";0.0;249.0
"MORMAII";"Tenis Mormaii Impetus Red Storm";192.0;96.0;173.0;96.0;0.0;0;"https://lista.mercadolivre.com.br/tenis-corrida-masculino";"2024-06-10 23:19:47";192.96;173.96
"MZ";"Tênis Feminino Ou Masculino Academia Pronta Entrega Mzuno";0.0;0.0;98.0;0.0;4.5;55;"https://lista.mercadolivre.com.br/tenis-corrida-masculino";"2024-06-10 23:19:47";0.0;98.0
"";"Tênis Masculino Hot Sol Numero Especial 38 Ao 43 Academia";0.0;0.0;104.0;0.0;4.7;7;"https://lista.mercadolivre.com.br/tenis-corrida-masculino";"2024-06-10 23:19:47";0.0;104.0
"";"Tenis Masculino Casual Polo Running Caminhada Academia";0.0;0.0;89.0;0.0;3.9;22;"https://lista.mercadolivre.com.br/tenis-corrida-masculino";"2024-06-10 23:19:47";0.0;89.0
"OLYMPIKUS";"Tênis Masculino Olympikus Marte Treino Caminhada Casual";200.0;90.0;180.0;90.0;5.0;5;"https://lista.mercadolivre.com.br/tenis-corrida-masculino";"2024-06-10 23:19:47";200.9;180.9
"FILA";"Tênis Corrida Masculino // Feminino Fila Recovery Original";295.0;68.0;277.0;68.0;4.8;54;"https://lista.mercadolivre.com.br/tenis-corrida-masculino";"2024-06-10 23:19:47";295.68;277.68
"DM DAMANDO";"Combo 2 Tenis Masculino Sport Academia + Meia + Relógio ";154.0;90.0;142.0;90.0;4.2;11;"https://lista.mercadolivre.com.br/tenis-corrida-masculino";"2024-06-10 23:19:47";154.9;142.9
"OLYMPIKUS";"Tênis Olympikus Reflect Masculino Preto";0.0;0.0;249.0;0.0;0.0;0;"https://lista.mercadolivre.com.br/tenis-corrida-masculino";"2024-06-10 23:19:47";0.0;249.0
"";"Kit 2 Tênis Masculino Prospect Speed Casual Esportivo Leve";139.0;90.0;99.0;90.0;0.0;0;"https://lista.mercadolivre.com.br/tenis-corrida-masculino";"2024-06-10 23:19:47";139.9;99.9
"ADAPTION";"Kit 2 Pares De Tenis Masculino Adaption Academia Limited ";0.0;0.0;129.0;0.0;4.1;260;"https://lista.mercadolivre.com.br/tenis-corrida-masculino";"2024-06-10 23:19:47";0.0;129.0
"OLYMPIKUS";"Tênis Olympikus Ortopedico Esportivo - Masculino Original";189.0;99.0;136.0;99.0;0.0;0;"https://lista.mercadolivre.com.br/tenis-corrida-masculino";"2024-06-10 23:19:47";189.99;136.99
"";"Tênis Advanced Masculino Adulto Leve Ultra Confortável Ga060";0.0;0.0;78.0;0.0;4.6;8;"https://lista.mercadolivre.com.br/tenis-corrida-masculino";"2024-06-10 23:19:47";0.0;78.0
"SCHIARELI";"Tênis Masculino Esportivo Com Telinha De Amarrar Plataforma";0.0;0.0;78.0;0.0;4.8;8;"https://lista.mercadolivre.com.br/tenis-corrida-masculino";"2024-06-10 23:19:47";0.0;78.0
"OLYMPIKUS";"Olympikus Ultraleve Masculino Adultos";249.0;90.0;179.0;90.0;4.6;1341;"https://lista.mercadolivre.com.br/tenis-corrida-masculino";"2024-06-10 23:19:47";249.9;179.9
"MIZUNO";"Mizuno Wave Hawk 4 Masculino Adultos";349.0;90.0;257.0;90.0;4.6;54;"https://lista.mercadolivre.com.br/tenis-corrida-masculino";"2024-06-10 23:19:47";349.9;257.9
"";"Tênis Masculino Ortopédico Anatômico ";0.0;0.0;139.0;0.0;4.1;15;"https://lista.mercadolivre.com.br/tenis-corrida-masculino";"2024-06-10 23:19:47";0.0;139.0
"";"Kit 3 Tênis Masculino Prospect Fly Oferta Promoção + Relógio";219.0;90.0;138.0;90.0;0.0;0;"https://lista.mercadolivre.com.br/tenis-corrida-masculino";"2024-06-10 23:19:47";219.9;138.9
"NB";"Tênis Masculino N&b 997s Reverl Absordb Sport Lançamento";204.0;99.0;194.0;99.0;4.4;28;"https://lista.mercadolivre.com.br/tenis-corrida-masculino";"2024-06-10 23:19:47";204.99;194.99
"GALAXY";"Tênis Masculino Caminhada Academia Leve Promoção Kit 3 Pares";0.0;0.0;176.0;0.0;4.4;137;"https://lista.mercadolivre.com.br/tenis-corrida-masculino";"2024-06-10 23:19:47";0.0;176.0
"OLYMPIKUS";"Tênis Olympikus Jogging 0100 33/44";187.0;0.0;168.0;0.0;4.7;167;"https://lista.mercadolivre.com.br/tenis-corrida-masculino";"2024-06-10 23:19:47";187.0;168.0
"MIZUNO";"Tênis Feminino Ou Masculino Academia Promoção Pronta Entrega";0.0;0.0;98.0;0.0;4.3;1451;"https://lista.mercadolivre.com.br/tenis-corrida-masculino";"2024-06-10 23:19:47";0.0;98.0
"T-SHOES";"Tênis Speedcross 3 Trekking Trilha Academia Ciclismo Corrida";174.0;96.0;149.0;96.0;4.4;690;"https://lista.mercadolivre.com.br/tenis-corrida-masculino";"2024-06-10 23:19:47";174.96;149.96
"OLYMPIKUS";"Tenis Masculino Olympikus Cristal Corrida Sanat Sports";249.0;90.0;187.0;90.0;4.9;28;"https://lista.mercadolivre.com.br/tenis-corrida-masculino";"2024-06-10 23:19:47";249.9;187.9
"";"Tenis Masculino Treino Academia Fitness Look Shoes";179.0;90.0;79.0;90.0;0.0;0;"https://lista.mercadolivre.com.br/tenis-corrida-masculino";"2024-06-10 23:19:47";179.9;79.9
"OLYMPIKUS";"Tenis Masculino Olympikus Urbex";0.0;0.0;199.0;0.0;4.9;30;"https://lista.mercadolivre.com.br/tenis-corrida-masculino";"2024-06-10 23:19:47";0.0;199.0
"BOX200";"Tênis Masculino Tamanho Especial Esporte Caminhada Box 200";78.0;50.0;71.0;50.0;4.5;258;"https://lista.mercadolivre.com.br/tenis-corrida-masculino";"2024-06-10 23:19:47";78.5;71.5
"RAYON";"Tenis Masculino P/ Academia E Caminhada Preto +  Relógio";119.0;90.0;94.0;90.0;5.0;2;"https://lista.mercadolivre.com.br/tenis-corrida-masculino";"2024-06-10 23:19:47";119.9;94.9
"OLYMPIKUS";"Olympikus Caminhada Cygnus Masculino Adultos";0.0;0.0;189.0;0.0;4.8;905;"https://lista.mercadolivre.com.br/tenis-corrida-masculino";"2024-06-10 23:19:47";0.0;189.0
"MIZUNO";"Kit 2 Tênis Unissex Creation 33 Ao 44 Promoção Limpa Estoque";459.0;99.0;248.0;99.0;4.1;97;"https://lista.mercadolivre.com.br/tenis-corrida-masculino";"2024-06-10 23:19:47";459.99;248.99
"";"Kit 3 Tênis Masculino Prospect Fly Oferta Promoção + Relógio";219.0;90.0;138.0;90.0;0.0;0;"https://lista.mercadolivre.com.br/tenis-corrida-masculino";"2024-06-10 23:19:47";219.9;138.9
"PLAZA";"Kit 2 Pares De Tênis Masculino Academia Caminhada Casual Neo";0.0;0.0;129.0;0.0;4.2;532;"https://lista.mercadolivre.com.br/tenis-corrida-masculino";"2024-06-10 23:19:47";0.0;129.0
"DM DAMANDO";"Combo 2 Pares Tenis Masculino Treino Academia Corrida + Rel";0.0;0.0;149.0;0.0;4.3;84;"https://lista.mercadolivre.com.br/tenis-corrida-masculino";"2024-06-10 23:19:47";0.0;149.0
"ADAPTION";"Kit 2 Tenis Masculino Caminhada Academia Promoção + Relogio";139.0;90.0;132.0;90.0;4.2;450;"https://lista.mercadolivre.com.br/tenis-corrida-masculino";"2024-06-10 23:19:47";139.9;132.9
"SAPATOFRAN";"Kit Tênis Masculino Academia Com Meia Lupo + Relógio Digital";0.0;0.0;103.0;0.0;4.3;101;"https://lista.mercadolivre.com.br/tenis-corrida-masculino";"2024-06-10 23:19:47";0.0;103.0
"OLYMPIKUS";"Tenis Masculino Olympikus Volcan";0.0;0.0;199.0;0.0;4.6;94;"https://lista.mercadolivre.com.br/tenis-corrida-masculino";"2024-06-10 23:19:47";0.0;199.0
"ASICS";"Tênis Asics Revelation Masculino Feminino Do 34 Ao 43";103.0;99.0;98.0;99.0;4.1;278;"https://lista.mercadolivre.com.br/tenis-corrida-masculino";"2024-06-10 23:19:47";103.99;98.99
"OLYMPIKUS";"Olympikus Poseidon Masculino Adultos";179.0;0.0;159.0;0.0;4.7;596;"https://lista.mercadolivre.com.br/tenis-corrida-masculino";"2024-06-10 23:19:47";179.0;159.0
"NEW BALANCE";"Tênis Masculino New Balance 247 Original Academia Caminhada";349.0;90.0;139.0;90.0;0.0;0;"https://lista.mercadolivre.com.br/tenis-corrida-masculino";"2024-06-10 23:19:47";349.9;139.9
"RAINHA";"Tênis Masculino Corrida Leve E Resistente Lindo Rainha Z239";0.0;0.0;169.0;0.0;4.7;81;"https://lista.mercadolivre.com.br/tenis-corrida-masculino";"2024-06-10 23:19:47";0.0;169.0
"EVOLTENN";"Tenis Academia Corrida Original Caminhada Evoltenn Wezzy";78.0;90.0;66.0;90.0;4.6;36;"https://lista.mercadolivre.com.br/tenis-corrida-masculino";"2024-06-10 23:19:47";78.9;66.9
"";"Tênis Chuky Linha Eco Nylon Espumado Ranclafe Preto/branco";159.0;90.0;151.0;90.0;5.0;3;"https://lista.mercadolivre.com.br/tenis-corrida-masculino";"2024-06-10 23:19:47";159.9;151.9
"OLDSEN";"Tenis Unissex Infantil Jaguar Corrida Academia Treino 34-43";0.0;0.0;59.0;0.0;4.6;45;"https://lista.mercadolivre.com.br/tenis-corrida-masculino";"2024-06-10 23:19:47";0.0;59.0
"ASICS";"Tênis Asics Gel Revelation Original Couro Academia Caminhada";249.0;92.0;99.0;92.0;3.8;36;"https://lista.mercadolivre.com.br/tenis-corrida-masculino";"2024-06-10 23:19:47";249.92;99.92
"ASICS";"Asics Gel-Dedicate 8 Masculino Adultos";0.0;0.0;444.0;0.0;0.0;0;"https://lista.mercadolivre.com.br/tenis-corrida-masculino";"2024-06-10 23:19:47";0.0;444.0
"DM DAMANDO";"Combo 2 Tenis Masculino Academia Leve Confortável + Relógio";0.0;0.0;154.0;0.0;0.0;0;"https://lista.mercadolivre.com.br/tenis-corrida-masculino";"2024-06-10 23:19:47";0.0;154.0
"ULTRABONE";"Tênis Unissex Academia Leve Macio Basico Caminhada Fitness ";0.0;0.0;64.0;0.0;0.0;0;"https://lista.mercadolivre.com.br/tenis-corrida-masculino";"2024-06-10 23:19:47";0.0;64.0
"VANELLI";"Tênis Masculino Corrida Malhar Treinar Caminhada Academia";69.0;90.0;59.0;90.0;4.4;51;"https://lista.mercadolivre.com.br/tenis-corrida-masculino";"2024-06-10 23:19:47";69.9;59.9
"";"Tênis Para Corrida Olimpikus Veloz Caminhada Crossfit";99.0;90.0;94.0;90.0;4.3;25;"https://lista.mercadolivre.com.br/tenis-corrida-masculino";"2024-06-10 23:19:47";99.9;94.9
"VIA LIVRE";"Sapatilha Híbrida Neoprene Aquática Náutica Pesca Trilha";78.0;90.0;74.0;90.0;4.5;19;"https://lista.mercadolivre.com.br/tenis-corrida-masculino";"2024-06-10 23:19:47";78.9;74.9
"FILA";"Tenis Fila Ride Masculino-bege/marinho";317.0;99.0;254.0;99.0;0.0;0;"https://lista.mercadolivre.com.br/tenis-corrida-masculino";"2024-06-10 23:19:47";317.99;254.99
"";"Sapatenis Kit 3 Pares + Relogio Mais Barato Do Brasil";169.0;90.0;130.0;90.0;3.6;7;"https://lista.mercadolivre.com.br/tenis-corrida-masculino";"2024-06-10 23:19:47";169.9;130.9
"";"Sapatilha Nautica Rio Canoagem Caminhada Corrida Academia";0.0;0.0;53.0;0.0;4.5;17;"https://lista.mercadolivre.com.br/tenis-corrida-masculino";"2024-06-10 23:19:47";0.0;53.0
"FILA";"Fila Intruder Masculino Adultos";0.0;0.0;216.0;0.0;4.5;104;"https://lista.mercadolivre.com.br/tenis-corrida-masculino";"2024-06-10 23:19:47";0.0;216.0
"MIZUNO";"Tênis Mizuno Wave Mirai 6 Coleção Lançamento Masculino";0.0;0.0;458.0;0.0;0.0;0;"https://lista.mercadolivre.com.br/tenis-corrida-masculino";"2024-06-10 23:19:47";0.0;458.0
"";"Tênis Para Treino Academia Caminhada Corrida Original Leve";0.0;0.0;79.0;0.0;0.0;0;"https://lista.mercadolivre.com.br/tenis-corrida-masculino";"2024-06-10 23:19:47";0.0;79.0
"HARD";"Tenis Masculino Confortável, Leve, Ótimo Pra Corrida";129.0;0.0;78.0;0.0;4.6;93;"https://lista.mercadolivre.com.br/tenis-corrida-masculino";"2024-06-10 23:19:47";129.0;78.0
"MIZUNO";"Tênis Mizuno Space 4 Masculino Original Cod: 16563";329.0;99.0;296.0;99.0;0.0;0;"https://lista.mercadolivre.com.br/tenis-corrida-masculino";"2024-06-10 23:19:47";329.99;296.99
"OLYMPIKUS";"Tênis Olympikus Challenger 4 Masculino";299.0;90.0;215.0;90.0;4.3;3;"https://lista.mercadolivre.com.br/tenis-corrida-masculino";"2024-06-10 23:19:47";299.9;215.9
"";"Kit 2 Tênis Masculino Prospect Speed Várias Cores Lançamento";139.0;90.0;99.0;90.0;5.0;3;"https://lista.mercadolivre.com.br/tenis-corrida-masculino";"2024-06-10 23:19:47";139.9;99.9
"HEADER";"Kit 2 Tênis Casual Masculino Spider Top Promoção + Relógio";0.0;0.0;129.0;0.0;4.5;13;"https://lista.mercadolivre.com.br/tenis-corrida-masculino";"2024-06-10 23:19:47";0.0;129.0
"BAD FISH";"Tênis Track Sapatilha Bad Fish Adventure Pesca Rosa Preto ";0.0;0.0;204.0;0.0;4.8;82;"https://lista.mercadolivre.com.br/tenis-corrida-masculino";"2024-06-10 23:19:47";0.0;204.0
"MIZUNO";"Tênis Mizuno Wave Mirai 5 Masculino";499.0;90.0;310.0;90.0;4.6;102;"https://lista.mercadolivre.com.br/tenis-corrida-masculino";"2024-06-10 23:19:47";499.9;310.9
"A7";"Tenis De Corrida Masculino Feminino Tamanhos 35 Ao 45 Envio!";0.0;0.0;69.0;0.0;4.4;54;"https://lista.mercadolivre.com.br/tenis-corrida-masculino";"2024-06-10 23:19:47";0.0;69.0
"";"Tenis Para Esporte , Unissex , Lançamento !";0.0;0.0;69.0;0.0;4.8;52;"https://lista.mercadolivre.com.br/tenis-corrida-masculino";"2024-06-10 23:19:47";0.0;69.0
"MZ";"Tênis Feminino Ou Masculino Mz Esportivo Pronta Entrega";0.0;0.0;99.0;0.0;4.3;87;"https://lista.mercadolivre.com.br/tenis-corrida-masculino";"2024-06-10 23:19:47";0.0;99.0
"FILA";"Tenis Fila Start Masculino";249.0;90.0;237.0;90.0;0.0;0;"https://lista.mercadolivre.com.br/tenis-corrida-masculino";"2024-06-10 23:19:47";249.9;237.9
"ASICS";"Tênis Asics Masculino E Feminino Para Academia Do 34 Ao 43";269.0;99.0;99.0;99.0;0.0;0;"https://lista.mercadolivre.com.br/tenis-corrida-masculino";"2024-06-10 23:19:47";269.99;99.99
"";"Tênis Asics Gel Sendai Masculino Academia Corrida Leve Macio";0.0;0.0;89.0;0.0;0.0;0;"https://lista.mercadolivre.com.br/tenis-corrida-masculino";"2024-06-10 23:19:47";0.0;89.0
"OLYMPIKUS";"Tênis Masculino Olympikus Academia Treino Leve Macio Novo";0.0;0.0;99.0;0.0;0.0;0;"https://lista.mercadolivre.com.br/tenis-corrida-masculino";"2024-06-10 23:19:47";0.0;99.0
"WAVE";"Kit 2 Tênis Masculino Esportivo Molas Wave Creation 20 Orig";207.0;90.0;149.0;90.0;4.0;1;"https://lista.mercadolivre.com.br/tenis-corrida-masculino";"2024-06-10 23:19:47";207.9;149.9
"OLYMPIKUS";"Lindo Tenis Feminino E Masculino Confortável Para Esportes";0.0;0.0;96.0;0.0;0.0;0;"https://lista.mercadolivre.com.br/tenis-corrida-masculino";"2024-06-10 23:19:47";0.0;96.0
"OLYMPIKUS";"Tênis Masculino Olympikus Esportivo Leve Macio Lançamento";0.0;0.0;99.0;0.0;5.0;1;"https://lista.mercadolivre.com.br/tenis-corrida-masculino";"2024-06-10 23:19:47";0.0;99.0
"MIZUNO";"Tênis Masculinos Pro 9 Wave Academia Corrida Caminhada + F.g";0.0;0.0;289.0;0.0;0.0;0;"https://lista.mercadolivre.com.br/tenis-corrida-masculino";"2024-06-10 23:19:47";0.0;289.0
"NEW BALANCE";"Ténis Masculino New Balance 997s Original Apronta Entrega";234.0;99.0;192.0;99.0;4.0;46;"https://lista.mercadolivre.com.br/tenis-corrida-masculino";"2024-06-10 23:19:47";234.99;192.99
"MIZUNO";"Kit 2 Tênis Unissex Creation 33 Ao 44 Promoção Limpa Estoque";459.0;99.0;248.0;99.0;4.1;97;"https://lista.mercadolivre.com.br/tenis-corrida-masculino";"2024-06-10 23:19:47";459.99;248.99
"ON RUNNING";"Tênis On Running The Roger Pro Masculino";0.0;0.0;1.249;0.0;0.0;0;"https://lista.mercadolivre.com.br/tenis-corrida-masculino";"2024-06-10 23:19:47";0.0;1249.0
"WAVE";"Combo 3 Tênis Masculino Esportivo Promoção Wave Creation";0.0;0.0;218.0;0.0;3.9;67;"https://lista.mercadolivre.com.br/tenis-corrida-masculino";"2024-06-10 23:19:47";0.0;218.0
"OLYMPIKUS";"Tenis Feminino E Masculino Confortável Garantido";0.0;0.0;88.0;0.0;0.0;0;"https://lista.mercadolivre.com.br/tenis-corrida-masculino";"2024-06-10 23:19:47";0.0;88.0
"OLYMPIKUS";"Tênis Olympikus Corre 3 Unissex";0.0;0.0;499.0;0.0;4.9;13;"https://lista.mercadolivre.com.br/tenis-corrida-masculino";"2024-06-10 23:19:47";0.0;499.0
"MIZUNO";"Tênis Masculinos Wave Pro 9 Preto Preto Academia Corrida F.g";0.0;0.0;279.0;0.0;4.9;8;"https://lista.mercadolivre.com.br/tenis-corrida-masculino";"2024-06-10 23:19:47";0.0;279.0
"WAVE";"Kit 3 Tênis Esportivo Wave Creation 20 Oferta Molas Pro";0.0;0.0;219.0;0.0;4.1;323;"https://lista.mercadolivre.com.br/tenis-corrida-masculino";"2024-06-10 23:19:47";0.0;219.0
"ASICS";"Tênis Masculino Asics Gel Revelation Original Couro Academia";299.0;90.0;128.0;90.0;4.8;11;"https://lista.mercadolivre.com.br/tenis-corrida-masculino";"2024-06-10 23:19:47";299.9;128.9
"EVOLTENN";"Tenis Academia Corrida Original Caminhada Evoltenn Wezzy";78.0;90.0;66.0;90.0;4.6;36;"https://lista.mercadolivre.com.br/tenis-corrida-masculino";"2024-06-10 23:19:47";78.9;66.9
"OLDSEN";"Tenis Unissex Infantil Jaguar Corrida Academia Treino 34-43";78.0;90.0;74.0;90.0;4.6;843;"https://lista.mercadolivre.com.br/tenis-corrida-masculino";"2024-06-10 23:19:47";78.9;74.9
"OUSY SHOES";"Kits Tênis Feminino Masculino Treino 2 Pares Brinde Relógio";169.0;90.0;143.0;90.0;4.5;338;"https://lista.mercadolivre.com.br/tenis-corrida-masculino";"2024-06-10 23:19:47";169.9;143.9
"CREATION";"3 Pares Tênis Confortável Creation 20 Oferta Ótima Qualidade";0.0;0.0;197.0;0.0;4.7;39;"https://lista.mercadolivre.com.br/tenis-corrida-masculino";"2024-06-10 23:19:47";0.0;197.0
"MZ";"Combo 4 Tênis Academia Unissex 33 Ao 44 Creation 20 Promoção";549.0;99.0;335.0;99.0;4.6;12;"https://lista.mercadolivre.com.br/tenis-corrida-masculino";"2024-06-10 23:19:47";549.99;335.99
"MIZUNO";"Calçado Nirvana 9 34 Ao 43 Várias Cores Tenis Promoção";0.0;0.0;139.0;0.0;4.9;22;"https://lista.mercadolivre.com.br/tenis-corrida-masculino";"2024-06-10 23:19:47";0.0;139.0
"MIZUNO";"Tênis Masculino Mizuno Wave Creation Original Couro Academia";199.0;90.0;129.0;90.0;0.0;0;"https://lista.mercadolivre.com.br/tenis-corrida-masculino";"2024-06-10 23:19:47";199.9;129.9
"NEW BALANCE";"Tênis Masculino New Balance 247 Original Casual Esporte Ful";349.0;90.0;139.0;90.0;3.9;7;"https://lista.mercadolivre.com.br/tenis-corrida-masculino";"2024-06-10 23:19:47";349.9;139.9
"";"Tênis Masculino Ferrari New Caminhada Confortável Promoção";239.0;90.0;119.0;90.0;0.0;0;"https://lista.mercadolivre.com.br/tenis-corrida-masculino";"2024-06-10 23:19:47";239.9;119.9
"";"Kit 2 Tênis Masculino Prospect Pulse Confortável + Óculos";159.0;90.0;108.0;90.0;0.0;0;"https://lista.mercadolivre.com.br/tenis-corrida-masculino";"2024-06-10 23:19:47";159.9;108.9
"";"Kit 2 Tênis Masculino Prospect Speed Várias Cores Lançamento";139.0;90.0;99.0;90.0;5.0;3;"https://lista.mercadolivre.com.br/tenis-corrida-masculino";"2024-06-10 23:19:47";139.9;99.9
"";"Tenis Couro Masculino Casual Boston Betterman";299.0;0.0;209.0;0.0;0.0;0;"https://lista.mercadolivre.com.br/tenis-corrida-masculino";"2024-06-10 23:19:47";299.0;209.0
"OLYMPIKUS";"Tenis Feminino E Masculino Confortável Para Esportes Oferta";0.0;0.0;100.0;0.0;0.0;0;"https://lista.mercadolivre.com.br/tenis-corrida-masculino";"2024-06-10 23:19:47";0.0;100.0
"OLYMPIKUS";"Olympikus Casual Zex Sem gênero Adultos 43434168";0.0;0.0;229.0;0.0;4.8;249;"https://lista.mercadolivre.com.br/tenis-corrida-masculino";"2024-06-10 23:19:47";0.0;229.0
"MZ";"Kit 3 Tênis Academia Unissex 33 Ao 44 Creation 20 Promoção";449.0;99.0;270.0;99.0;4.2;13;"https://lista.mercadolivre.com.br/tenis-corrida-masculino";"2024-06-10 23:19:47";449.99;270.99
"FILA";"Fila Atmosphere Masculino Adultos";0.0;0.0;246.0;0.0;2.6;5;"https://lista.mercadolivre.com.br/tenis-corrida-masculino";"2024-06-10 23:19:47";0.0;246.0
"MIZUNO";"Tênis Mizuno Unissex Confortável Wave Creation 20 33 Ao 44 ";259.0;99.0;137.0;99.0;4.1;55;"https://lista.mercadolivre.com.br/tenis-corrida-masculino";"2024-06-10 23:19:47";259.99;137.99
"";"Tênis Corrida Masculino Tn 1 Plus Conforto Novidade Do Ano";0.0;0.0;137.0;0.0;0.0;0;"https://lista.mercadolivre.com.br/tenis-corrida-masculino";"2024-06-10 23:19:47";0.0;137.0
"MIZUNO";"Tênis Pro 8 Confortável Refletivo Diversas Cores ";471.0;61.0;400.0;61.0;0.0;0;"https://lista.mercadolivre.com.br/tenis-corrida-masculino";"2024-06-10 23:19:47";471.61;400.61
"ASICS";"Tênis Asics Feminino E Masculino Caminhada Corrida Promoção ";249.0;90.0;104.0;90.0;5.0;3;"https://lista.mercadolivre.com.br/tenis-corrida-masculino";"2024-06-10 23:19:47";249.9;104.9
"MIZUNO";"Tênis Mizuno Wave Creation 20 Academia Corrida Frete Gratis";199.0;90.0;129.0;90.0;4.0;2;"https://lista.mercadolivre.com.br/tenis-corrida-masculino";"2024-06-10 23:19:47";199.9;129.9
"ASICS";"Tênis Masculino Varias Cores Confortável Entrega Mais Rápida";109.0;90.0;96.0;90.0;3.2;9;"https://lista.mercadolivre.com.br/tenis-corrida-masculino";"2024-06-10 23:19:47";109.9;96.9
"NEW BALANCE";"Tênis Masculino New Balance 247 Original Casual Oferta Macio";349.0;90.0;139.0;90.0;4.3;3;"https://lista.mercadolivre.com.br/tenis-corrida-masculino";"2024-06-10 23:19:47";349.9;139.9
"ASICS";"Tênis Masculino Asics Gel Sendai 2 Caminhada Academia Macio";299.0;90.0;164.0;90.0;5.0;7;"https://lista.mercadolivre.com.br/tenis-corrida-masculino";"2024-06-10 23:19:47";299.9;164.9
"";"Tênis Masculino Tn Plus 3 Lançamento Envio Imediato Oferta";0.0;0.0;379.0;0.0;0.0;0;"https://lista.mercadolivre.com.br/tenis-corrida-masculino";"2024-06-10 23:19:47";0.0;379.0
"MIZUNO";"Tênis Masculino Esportivo Pro 9 Preto Preto Corrida Academia";0.0;0.0;269.0;0.0;4.5;6;"https://lista.mercadolivre.com.br/tenis-corrida-masculino";"2024-06-10 23:19:47";0.0;269.0
"MIZUNO";"Tênis Mizuno Masculino Beta Envio Imediato!";369.0;98.0;177.0;98.0;0.0;0;"https://lista.mercadolivre.com.br/tenis-corrida-masculino";"2024-06-10 23:19:47";369.98;177.98
"";"Tênis 33y New Fashion Pro Original (preto)";0.0;0.0;199.0;0.0;4.7;19;"https://lista.mercadolivre.com.br/tenis-corrida-masculino";"2024-06-10 23:19:47";0.0;199.0
"OLYMPIKUS";"Tenis Olympikus Ortopédico Unissex Confortável Slip On";229.0;90.0;167.0;90.0;5.0;2;"https://lista.mercadolivre.com.br/tenis-corrida-masculino";"2024-06-10 23:19:47";229.9;167.9
"ASICS";"Tênis Asics Sendai Academia Caminhada Corrida Treino Macio";299.0;90.0;119.0;90.0;4.3;6;"https://lista.mercadolivre.com.br/tenis-corrida-masculino";"2024-06-10 23:19:47";299.9;119.9
"";"Tênis Para Academia Corrida Trabalhar Caminhada";99.0;90.0;94.0;90.0;4.5;16;"https://lista.mercadolivre.com.br/tenis-corrida-masculino";"2024-06-10 23:19:47";99.9;94.9
"OLYMPIKUS";"Tenis Esportivo Masculino Feminino Promoção Poucas Unidades";109.0;90.0;94.0;90.0;3.9;68;"https://lista.mercadolivre.com.br/tenis-corrida-masculino";"2024-06-10 23:19:47";109.9;94.9
"MIZUNO";"Tênis Mizuno Wave Nirvana 9 Original Couro Corrida Treino";249.0;90.0;129.0;90.0;3.3;6;"https://lista.mercadolivre.com.br/tenis-corrida-masculino";"2024-06-10 23:19:47";249.9;129.9
"NEW BALANCE";"Tênis Masculino New Balance 247 Couro Academia Caminhada";299.0;90.0;128.0;90.0;0.0;0;"https://lista.mercadolivre.com.br/tenis-corrida-masculino";"2024-06-10 23:19:47";299.9;128.9
"WAVE";"Kit 2 Pares Tênis Masculino Academia Wave Creation 20 Full";209.0;90.0;149.0;90.0;0.0;0;"https://lista.mercadolivre.com.br/tenis-corrida-masculino";"2024-06-10 23:19:47";209.9;149.9
"ALLSTAR";"All Star Converse Cano Alto Black Friday Promoção 2 Par Top";0.0;0.0;199.0;0.0;4.4;143;"https://lista.mercadolivre.com.br/tenis-corrida-masculino";"2024-06-10 23:19:47";0.0;199.0
"ASICS";"Tênis Asics Gel Sendai Couro Leve Macio Promoção Garantia";299.0;90.0;119.0;90.0;0.0;0;"https://lista.mercadolivre.com.br/tenis-corrida-masculino";"2024-06-10 23:19:47";299.9;119.9
"MIZUNO";"Tenis Feminino Masculino Nirvana 9 Academia Caminhada Leve";0.0;0.0;149.0;0.0;4.7;25;"https://lista.mercadolivre.com.br/tenis-corrida-masculino";"2024-06-10 23:19:47";0.0;149.0
"FILA";"Tenis Fila Trend 2,0 Masculino ";0.0;0.0;239.0;0.0;0.0;0;"https://lista.mercadolivre.com.br/tenis-corrida-masculino";"2024-06-10 23:19:47";0.0;239.0
"ALLSTAR";"Queimão 2 Pares Tenis Bota Botinha All Chuck Taylor Star Top";0.0;0.0;195.0;0.0;4.5;46;"https://lista.mercadolivre.com.br/tenis-corrida-masculino";"2024-06-10 23:19:47";0.0;195.0
"OLYMPIKUS";"Olympikus Wellness 2 Masculino Adultos";0.0;0.0;189.0;0.0;4.6;45;"https://lista.mercadolivre.com.br/tenis-corrida-masculino";"2024-06-10 23:19:47";0.0;189.0
"";"Tênis Misuno Propheecy Ls 8 X Frete Gratis Oferta";0.0;0.0;155.0;0.0;0.0;0;"https://lista.mercadolivre.com.br/tenis-corrida-masculino";"2024-06-10 23:19:47";0.0;155.0
"";"Tenis Masculino Casual Elástico Confortavel Lançamento ";0.0;0.0;199.0;0.0;4.8;11;"https://lista.mercadolivre.com.br/tenis-corrida-masculino";"2024-06-10 23:19:47";0.0;199.0
"ASICS";"Tênis Masculino Asics Sendai Original Couro Caminhada Macio";299.0;90.0;119.0;90.0;3.3;4;"https://lista.mercadolivre.com.br/tenis-corrida-masculino";"2024-06-10 23:19:47";299.9;119.9
"ASICS";"Tênis Asics Masculino Feminino Varias Cores Pronta Entrega";103.0;99.0;98.0;99.0;4.0;89;"https://lista.mercadolivre.com.br/tenis-corrida-masculino";"2024-06-10 23:19:47";103.99;98.99
"NEW BALANCE";"Tênis Masculino New Balance 247 Original Academia Caminhada";349.0;90.0;139.0;90.0;0.0;0;"https://lista.mercadolivre.com.br/tenis-corrida-masculino";"2024-06-10 23:19:47";349.9;139.9
"MIZUNO";"Tenis Esportivo Exclusivo Atividade Fisica Leve Confortavel";149.0;90.0;142.0;90.0;4.7;28;"https://lista.mercadolivre.com.br/tenis-corrida-masculino";"2024-06-10 23:19:47";149.9;142.9
"";"Sapatilha Híbrida Água Ciclismo Pesca Trilha ";0.0;0.0;132.0;0.0;4.5;14;"https://lista.mercadolivre.com.br/tenis-corrida-masculino";"2024-06-10 23:19:47";0.0;132.0
"ASICS";"Tênis Masculino Asics Gel Original Gel Unissex Academia Novo";349.0;90.0;129.0;90.0;0.0;0;"https://lista.mercadolivre.com.br/tenis-corrida-masculino";"2024-06-10 23:19:47";349.9;129.9
"NEW BALANCE";"Tênis New Balance 247 Original Couro Caminhada Frete Gratis";299.0;90.0;128.0;90.0;0.0;0;"https://lista.mercadolivre.com.br/tenis-corrida-masculino";"2024-06-10 23:19:47";299.9;128.9
"MIZUNO";"Tênis Mizuno Wave Creation 20 Original Academia Caminhada";199.0;90.0;129.0;90.0;0.0;0;"https://lista.mercadolivre.com.br/tenis-corrida-masculino";"2024-06-10 23:19:47";199.9;129.9
"";"Tenis Adulto Molas  Masculino Pro 8 Promoçao  Blak 24 Horas";0.0;0.0;149.0;0.0;0.0;0;"https://lista.mercadolivre.com.br/tenis-corrida-masculino";"2024-06-10 23:19:47";0.0;149.0
"NEW BALANCE";"Tênis Masculino New Balance Academia Promoção Oferta Novo";349.0;90.0;139.0;90.0;0.0;0;"https://lista.mercadolivre.com.br/tenis-corrida-masculino";"2024-06-10 23:19:47";349.9;139.9
"SKECHERS";"Skechers Ultra Flex 2.0 Mirkon Masculino Adultos";349.0;99.0;286.0;99.0;4.6;5;"https://lista.mercadolivre.com.br/tenis-corrida-masculino";"2024-06-10 23:19:47";349.99;286.99
"OLYMPIKUS";"Olympikus Express Masculino Adultos";274.0;99.0;195.0;99.0;4.6;282;"https://lista.mercadolivre.com.br/tenis-corrida-masculino";"2024-06-10 23:19:47";274.99;195.99
"OLYMPIKUS";"Olympikus 24/7 Lap Masculino Adultos";218.0;74.0;134.0;74.0;4.8;7863;"https://lista.mercadolivre.com.br/tenis-corrida-masculino";"2024-06-10 23:19:47";218.74;134.74
"OLYMPIKUS";"Olympikus Aquarios Masculino Adultos";237.0;49.0;184.0;49.0;4.8;1007;"https://lista.mercadolivre.com.br/tenis-corrida-masculino";"2024-06-10 23:19:47";237.49;184.49
"MIZUNO";"Tênis Masculino Esportivo Pro 9 Wave Preto Corrida Passeios";0.0;0.0;269.0;0.0;0.0;0;"https://lista.mercadolivre.com.br/tenis-corrida-masculino";"2024-06-10 23:19:47";0.0;269.0
"ASICS";"Tênis Masculino Asics Revelation Original Academia Caminhada";249.0;92.0;99.0;92.0;0.0;0;"https://lista.mercadolivre.com.br/tenis-corrida-masculino";"2024-06-10 23:19:47";249.92;99.92
"NEW FASHION";"Tenis Fast Pró Leve Macio Respirável Original Unissex";0.0;0.0;167.0;0.0;4.8;5;"https://lista.mercadolivre.com.br/tenis-corrida-masculino";"2024-06-10 23:19:47";0.0;167.0
"";"Tenis Sapatilha Trilha Pesca Ciclismo Antiderrapante Unissex";0.0;0.0;132.0;0.0;4.7;121;"https://lista.mercadolivre.com.br/tenis-corrida-masculino";"2024-06-10 23:19:47";0.0;132.0
"MIZUNO";"Tenis Academia Caminhada Corrida Masculino E Feminino ";169.0;70.0;149.0;70.0;0.0;0;"https://lista.mercadolivre.com.br/tenis-corrida-masculino";"2024-06-10 23:19:47";169.7;149.7
"";"Tênis Misuno Propheecy Ls 8 X  Envio Gratis";0.0;0.0;155.0;0.0;0.0;0;"https://lista.mercadolivre.com.br/tenis-corrida-masculino";"2024-06-10 23:19:47";0.0;155.0
"OLYMPIKUS";"Olympikus Asfalto Masculino Adultos";231.0;99.0;208.0;99.0;4.7;3;"https://lista.mercadolivre.com.br/tenis-corrida-masculino";"2024-06-10 23:19:47";231.99;208.99
"MIZUNO";"Mizuno Jet 6 Masculino Adultos";244.0;94.0;232.0;94.0;4.7;221;"https://lista.mercadolivre.com.br/tenis-corrida-masculino";"2024-06-10 23:19:47";244.94;232.94
"OLYMPIKUS";"Olympikus Eros Masculino Adultos";246.0;94.0;177.0;94.0;4.8;1316;"https://lista.mercadolivre.com.br/tenis-corrida-masculino";"2024-06-10 23:19:47";246.94;177.94
"ASICS";"Tênis Masculino Asics Gel Revelation Academia Confortável";349.0;90.0;118.0;90.0;0.0;0;"https://lista.mercadolivre.com.br/tenis-corrida-masculino";"2024-06-10 23:19:47";349.9;118.9
"OLYMPIKUS";"Tênis Feminino E Masculino Esportivo Academia Leve Promoção";0.0;0.0;86.0;0.0;0.0;0;"https://lista.mercadolivre.com.br/tenis-corrida-masculino";"2024-06-10 23:19:47";0.0;86.0
"FILA";"Fila Recovery - Masculino - Original - Corrida";0.0;0.0;289.0;0.0;0.0;0;"https://lista.mercadolivre.com.br/tenis-corrida-masculino";"2024-06-10 23:19:47";0.0;289.0
"PUMA";"Tênis Puma Scuderia Ferrari New Sapato Clássico/ Promoção";179.0;90.0;170.0;90.0;0.0;0;"https://lista.mercadolivre.com.br/tenis-corrida-masculino";"2024-06-10 23:19:47";179.9;170.9
"OLYMPIKUS";"Olympikus Asfalto Masculino Adultos";231.0;99.0;208.0;99.0;4.7;3;"https://lista.mercadolivre.com.br/tenis-corrida-masculino";"2024-06-10 23:19:47";231.99;208.99
"";"Tênis Mizuno Prophecy Flor De Lotus Envio Gratis";299.0;99.0;284.0;99.0;0.0;0;"https://lista.mercadolivre.com.br/tenis-corrida-masculino";"2024-06-10 23:19:47";299.99;284.99
"WAVE";"Kit 3 Pares Tênis Academia Super Oferta Wave Creation 20 Pro";0.0;0.0;218.0;0.0;4.0;19;"https://lista.mercadolivre.com.br/tenis-corrida-masculino";"2024-06-10 23:19:47";0.0;218.0
"";"Tênis Masculino Exclusivo Sport New Balance 997s Lançamento";211.0;99.0;190.0;99.0;0.0;0;"https://lista.mercadolivre.com.br/tenis-corrida-masculino";"2024-06-10 23:19:47";211.99;190.99
"NEW";"Tenis Fast Respirável Ultra Leve 33y Envio Imediato Original";0.0;0.0;167.0;0.0;0.0;0;"https://lista.mercadolivre.com.br/tenis-corrida-masculino";"2024-06-10 23:19:47";0.0;167.0
"";"Tênis Masculino Scuderia Ferrari New Esportivo Corrida Leve";249.0;90.0;124.0;90.0;0.0;0;"https://lista.mercadolivre.com.br/tenis-corrida-masculino";"2024-06-10 23:19:47";249.9;124.9
"MIZUNO";"Tênis Masculino Wave Prophecy 8 Pro Ls Areia Novo Na Caixa";0.0;0.0;159.0;0.0;0.0;0;"https://lista.mercadolivre.com.br/tenis-corrida-masculino";"2024-06-10 23:19:47";0.0;159.0
"MIZUNO";"Tenis Feminino Academia Promoção Nirvana 9 Fit";0.0;0.0;149.0;0.0;4.5;173;"https://lista.mercadolivre.com.br/tenis-corrida-masculino";"2024-06-10 23:19:47";0.0;149.0
"";"Tenis Bolha Plus 3 Tn Masculino Adulto Molas Treino Promoção";0.0;0.0;149.0;0.0;0.0;0;"https://lista.mercadolivre.com.br/tenis-corrida-masculino";"2024-06-10 23:19:47";0.0;149.0
"MIZUNO";"Tênis Pro 8 Wave Unissex Refletivo Confortável Oferta Única";479.0;60.0;402.0;60.0;4.0;4;"https://lista.mercadolivre.com.br/tenis-corrida-masculino";"2024-06-10 23:19:47";479.6;402.6
"ASICS";"Tênis Asics Feminino E Masculino Academia Treino Promoção";249.0;90.0;104.0;90.0;0.0;0;"https://lista.mercadolivre.com.br/tenis-corrida-masculino";"2024-06-10 23:19:47";249.9;104.9
"";"Tênis Masculino Tn Plus 3 Lançamento Envio Imediato";0.0;0.0;149.0;0.0;0.0;0;"https://lista.mercadolivre.com.br/tenis-corrida-masculino";"2024-06-10 23:19:47";0.0;149.0
"NEW BALANCE";"Tênis Masculino New Balance 247 Original Academia Corrida";349.0;90.0;115.0;90.0;0.0;0;"https://lista.mercadolivre.com.br/tenis-corrida-masculino";"2024-06-10 23:19:47";349.9;115.9
"WAVE";"Tênis Masculino Wave Creation Confortável Promoção Academia";0.0;0.0;99.0;0.0;0.0;0;"https://lista.mercadolivre.com.br/tenis-corrida-masculino";"2024-06-10 23:19:47";0.0;99.0
"ASICS";"Tênis Masculino Asics Gel Original Garantia Pronta Entrega";249.0;90.0;119.0;90.0;3.0;4;"https://lista.mercadolivre.com.br/tenis-corrida-masculino";"2024-06-10 23:19:47";249.9;119.9
"MIZUNO";"Tenis Masculino Feminino Nirvana 9 Promoção Esportivo";0.0;0.0;149.0;0.0;4.7;29;"https://lista.mercadolivre.com.br/tenis-corrida-masculino";"2024-06-10 23:19:47";0.0;149.0
"MIZUNO";"Tênis Masculinos Pro 9 Wave Corrida Passeios Preto Esportivo";0.0;0.0;269.0;0.0;4.5;99;"https://lista.mercadolivre.com.br/tenis-corrida-masculino";"2024-06-10 23:19:47";0.0;269.0
"OLYMPIKUS";"Tênis Masculino Olympikus Original Academia Leve Macio Novo";0.0;0.0;99.0;0.0;0.0;0;"https://lista.mercadolivre.com.br/tenis-corrida-masculino";"2024-06-10 23:19:47";0.0;99.0
"";"Tenis Neoprene Prático Confortável Bike Corrida Pesca Trilha";0.0;0.0;132.0;0.0;0.0;0;"https://lista.mercadolivre.com.br/tenis-corrida-masculino";"2024-06-10 23:19:47";0.0;132.0
"NEW BALANCE";"Tênis Masculino New Balance 247 Original Academia Novo Leve";349.0;90.0;139.0;90.0;0.0;0;"https://lista.mercadolivre.com.br/tenis-corrida-masculino";"2024-06-10 23:19:47";349.9;139.9
"PUMA";"Tênis Puma Masculino Automobilismo Ferrari New / Promoção";179.0;90.0;170.0;90.0;3.5;6;"https://lista.mercadolivre.com.br/tenis-corrida-masculino";"2024-06-10 23:19:47";179.9;170.9
"MIZUNO";"Tenis Nirvana 9 Leve Macio Academia Fit Caminhada";0.0;0.0;159.0;0.0;5.0;2;"https://lista.mercadolivre.com.br/tenis-corrida-masculino";"2024-06-10 23:19:47";0.0;159.0
"NEW BALANCE";"Tênis Masculino New Balance 247 Promoção Leve Novo Oferta ";349.0;90.0;139.0;90.0;0.0;0;"https://lista.mercadolivre.com.br/tenis-corrida-masculino";"2024-06-10 23:19:47";349.9;139.9
"ASICS";"Tênis Asics Masculino Feminino Esportivo Envio Imediato ";0.0;0.0;103.0;0.0;4.0;110;"https://lista.mercadolivre.com.br/tenis-corrida-masculino";"2024-06-10 23:19:47";0.0;103.0
"ASICS";"Tênis Masculino Gel Sendai Academia Corrida Oferta Barato";249.0;90.0;119.0;90.0;0.0;0;"https://lista.mercadolivre.com.br/tenis-corrida-masculino";"2024-06-10 23:19:47";249.9;119.9
"MIZUNO";"Tênis 12 Molas Masculino  Pro 7 Camaleão Refletivo Promocao";0.0;0.0;159.0;0.0;4.0;2;"https://lista.mercadolivre.com.br/tenis-corrida-masculino";"2024-06-10 23:19:47";0.0;159.0
"MIZUNO";"Tênis Mizuno Masculino 12s Lançamento!";339.0;97.0;166.0;97.0;0.0;0;"https://lista.mercadolivre.com.br/tenis-corrida-masculino";"2024-06-10 23:19:47";339.97;166.97
"";"Sapatilha Hibrida Nautica Pesca Esportiva Corrida Pedal";0.0;0.0;43.0;0.0;4.7;63;"https://lista.mercadolivre.com.br/tenis-corrida-masculino";"2024-06-10 23:19:47";0.0;43.0
"OUSY SHOES";"Kit Tênis Masculino Caminhada 3 Pares Easy Confortável Combo";229.0;90.0;188.0;90.0;4.5;6050;"https://lista.mercadolivre.com.br/tenis-corrida-masculino";"2024-06-10 23:19:47";229.9;188.9
"MUNDO TEXANO";"Tênis Sapatênis Casual Couro Palmilha Gel Conforto 3019 Bg23";0.0;0.0;248.0;0.0;0.0;0;"https://lista.mercadolivre.com.br/tenis-corrida-masculino";"2024-06-10 23:19:47";0.0;248.0
"HEADER";"Tenis Masculino Spider Corrida Caminhada Leve Barato Oferta";75.0;0.0;59.0;0.0;4.4;5;"https://lista.mercadolivre.com.br/tenis-corrida-masculino";"2024-06-10 23:19:47";75.0;59.0
"";"Tenis Masculino Yezee Leve Corrida Lançamento Super Promoção";78.0;90.0;73.0;90.0;5.0;10;"https://lista.mercadolivre.com.br/tenis-corrida-masculino";"2024-06-10 23:19:47";78.9;73.9
"SOFT WORKS";"Sapato Super Leve Macio Antiderrapante Cozinha Enfermagem Ca";0.0;0.0;78.0;0.0;4.4;7;"https://lista.mercadolivre.com.br/tenis-corrida-masculino";"2024-06-10 23:19:47";0.0;78.0
"";"Tênis Para Treino Academia Caminhada Corrida Leve 33y";189.0;90.0;169.0;90.0;4.7;7;"https://lista.mercadolivre.com.br/tenis-corrida-masculino";"2024-06-10 23:19:47";189.9;169.9
"";"Tênis Esportivo Fast Pro Tenis New Fashion Respirável Branco";189.0;90.0;169.0;90.0;0.0;0;"https://lista.mercadolivre.com.br/tenis-corrida-masculino";"2024-06-10 23:19:47";189.9;169.9
"";"Tênis Esportivo Fast Pro Tenis New Fashion Respirável";199.0;90.0;169.0;90.0;3.9;18;"https://lista.mercadolivre.com.br/tenis-corrida-masculino";"2024-06-10 23:19:47";199.9;169.9
"OLYMPIKUS";"Olympikus Griff Masculino Adultos";0.0;0.0;229.0;0.0;4.5;8;"https://lista.mercadolivre.com.br/tenis-corrida-masculino";"2024-06-10 23:19:47";0.0;229.0
"";"Tênis Esportivo Fast Pro Tenis New Fashion Respirável Verde";189.0;90.0;169.0;90.0;5.0;3;"https://lista.mercadolivre.com.br/tenis-corrida-masculino";"2024-06-10 23:19:47";189.9;169.9
